word,count
the,4605
of,3177
to,1756
and,1739
in,1529
a,1161
his,918
that,761
he,723
was,695
is,542
with,539
it,532
as,532
which,491
by,471
for,422
on,414
had,328
have,312
be,297
this,289
but,287
i,285
at,283
not,276
from,270
addison,259
or,249
him,232
their,215
an,213
were,212
been,201
are,198
all,189
no,179
who,179
they,153
so,144
any,138
spectator,137
one,136
you,135
we,133
more,120
than,119
would,116
its,116
very,115
own,110
them,110
has,108
when,108
himself,107
if,107
my,106
such,100
other,99
addison's,99
great,96
time,96
into,96
upon,92
character,91
first,90
project,88
man,88
may,87
these,87
gutenberg,86
after,86
there,86
will,85
most,79
steele,79
only,79
made,78
work,77
what,77
much,76
out,73
life,72
says,72
good,72
men,71
public,71
many,70
under,69
well,69
some,69
must,68
same,68
said,67
our,67
though,65
without,64
english,63
pope,62
two,62
while,61
me,61
could,60
taste,59
being,59
sir,58
part,58
mr,57
society,56
tm,56
every,55
up,54
paper,54
do,53
can,52
like,52
seems,51
however,51
works,50
those,50
tatler,49
nature,49
found,49
between,48
letter,48
opinion,47
country,47
thought,47
too,46
play,46
state,45
old,45
before,45
stage,45
both,45
party,45
political,44
her,44
written,44
number,44
cato,43
never,43
little,43
whom,43
should,43
shall,43
literary,43
manners,42
far,42
genius,41
about,41
form,41
age,40
king,40
style,40
now,40
among,39
over,39
against,39
sense,39
day,39
make,39
lord,39
through,38
letters,38
wit,38
order,38
did,38
see,37
us,37
best,37
account,37
yet,37
having,37
period,37
then,37
your,37
papers,36
mind,36
afterwards,36
house,36
spirit,35
another,35
place,35
find,35
nothing,35
new,34
whose,34
itself,34
natural,34
even,34
world,34
where,34
poet,33
writers,33
reason,33
roger,33
court,33
till,33
author,32
might,32
long,32
kind,32
give,31
way,31
friend,31
how,31
england,31
love,31
published,30
manner,30
principles,30
poets,30
side,30
each,30
whig,30
years,29
still,29
doubt,29
imagination,29
name,29
humour,29
set,28
last,28
literature,28
once,28
also,28
themselves,28
french,28
subject,28
latter,28
often,28
terms,27
restoration,27
writer,27
virtue,27
because,27
course,27
always,27
whole,27
young,27
different,27
year,27
called,27
electronic,27
almost,26
interest,26
perhaps,26
tory,26
nation,26
think,26
therefore,26
fact,26
honour,26
know,26
art,26
three,26
following,26
office,26
position,26
news,26
use,25
death,25
during,25
criticism,25
known,25
indeed,25
wrote,25
am,25
she,25
general,25
certain,25
foundation,25
language,24
swift,24
above,24
influence,24
take,24
since,24
gentleman,24
rather,24
fine,24
appears,24
high,24
dryden,23
friends,23
tickell,23
hand,23
left,23
favour,23
whigs,23
second,23
received,23
lion,23
design,23
sent,22
social,22
cause,22
right,22
appear,22
chief,22
true,22
thus,22
people,22
common,22
gave,22
shown,22
better,22
several,22
oxford,22
de,21
century,21
moral,21
ever,21
days,21
just,21
towards,21
words,21
charles,21
according,21
act,21
license,20
chapter,20
scarcely,20
taken,20
seemed,20
end,20
poem,20
drama,20
particular,20
generally,20
brought,20
full,20
word,20
person,20
cannot,20
queen,20
look,20
book,20
soon,20
say,20
pope's,20
lines,20
th,20
coffee,20
johnson,19
states,19
verses,19
truth,19
certainly,19
present,19
show,19
reader,19
here,19
read,19
early,19
enough,19
making,19
club,19
st,19
appeared,19
probably,19
translation,19
halifax,19
secretary,19
evidence,19
church,18
history,18
means,18
told,18
greatest,18
power,18
school,18
entirely,18
things,18
modern,18
italy,18
italian,18
praise,18
government,18
business,18
poetry,18
reputation,18
latin,18
used,18
usual,18
various,18
return,18
writing,18
agreement,18
john,17
copy,17
judgment,17
nor,17
satire,17
revolution,17
seem,17
produced,17
ideas,17
town,17
fashion,17
parliament,17
forced,17
reign,17
audience,17
occasion,17
acquaintance,17
finding,17
tragedy,17
come,17
writes,17
marlborough,17
ii,16
women,16
correspondence,16
real,16
naturally,16
conversation,16
possible,16
critic,16
write,16
shakespeare,16
task,16
feeling,16
coverley,16
believe,16
equally,16
matter,16
passed,16
friendship,16
saw,16
gives,16
charge,16
spite,16
archive,15
eighteenth,15
respect,15
due,15
lost,15
met,15
human,15
described,15
regarded,15
morality,15
religious,15
feelings,15
equal,15
fashionable,15
pleasure,15
variety,15
doubtless,15
readers,15
took,15
seen,15
scenes,15
does,15
performance,15
foreign,15
effect,15
dennis,15
either,15
intelligence,15
story,15
ibid,15
donations,15
away,14
united,14
writings,14
others,14
leave,14
distinguished,14
greater,14
case,14
religion,14
knowledge,14
characteristic,14
authority,14
success,14
circumstances,14
numbers,14
less,14
half,14
consequence,14
anything,14
heard,14
characters,14
laws,14
appearance,14
admirable,14
composition,14
dr,14
verse,14
copyright,14
shows,14
pleased,14
already,14
information,14
ministry,14
paragraph,14
london,13
milton,13
four,13
again,13
put,13
able,13
sometimes,13
books,13
light,13
conduct,13
tastes,13
experience,13
wife,13
speak,13
female,13
few,13
plays,13
makes,13
press,13
prove,13
post,13
describing,13
paid,13
invention,13
point,13
really,13
idea,13
steele's,13
william,12
date,12
family,12
affairs,12
intended,12
noble,12
something,12
class,12
down,12
whatever,12
grave,12
composed,12
essay,12
classes,12
war,12
sentiment,12
required,12
looked,12
considered,12
times,12
somewhat,12
fair,12
obliged,12
woman,12
rate,12
proper,12
addressed,12
exhibited,12
ordinary,12
raised,12
live,12
happy,12
description,12
became,12
began,12
turned,12
music,12
parties,12
large,12
famous,12
considerable,12
personal,12
parts,12
tell,12
houses,12
treated,12
inspired,12
company,12
associated,12
besides,12
passage,12
opportunity,12
copies,12
spence,12
persons,12
provided,12
campaign,12
newspaper,12
edition,12
original,11
mark,11
macaulay,11
travels,11
rule,11
regard,11
dramatic,11
admiration,11
hardly,11
merits,11
led,11
accepted,11
breeding,11
highly,11
view,11
necessary,11
represented,11
classical,11
done,11
expression,11
violence,11
prevailed,11
fortune,11
gentlemen,11
freeholder,11
standard,11
longer,11
off,11
lady,11
wish,11
notes,11
held,11
action,11
turn,11
fortunes,11
forth,11
scene,11
piece,11
except,11
existence,11
theatre,11
critical,11
son,11
died,11
vein,11
acted,11
brother,11
thoughts,11
greek,11
roman,11
hands,11
want,11
remarks,11
false,11
tickell's,11
head,11
philips,11
temper,11
greatly,11
question,11
duke,11
accordingly,11
showed,11
meet,11
earl,11
guardian,11
opera,11
report,11
warwick,11
trademark,11
ebook,10
prepared,10
volume,10
finished,10
passion,10
extraordinary,10
alone,10
credit,10
supposed,10
obtain,10
share,10
main,10
ancient,10
partly,10
sentiments,10
derived,10
civil,10
least,10
support,10
beauty,10
subjects,10
grace,10
reading,10
future,10
desire,10
given,10
came,10
authors,10
essays,10
services,10
late,10
interesting,10
remember,10
twice,10
method,10
heart,10
fellow,10
offered,10
poetical,10
acquainted,10
publishing,10
expressed,10
criticisms,10
founded,10
peace,10
felt,10
caused,10
rival,10
phrase,10
march,10
official,10
entertainment,10
strong,10
tories,10
points,10
agree,10
free,10
angel,10
performed,10
resentment,10
sentence,10
whether,10
endeavour,10
access,10
refund,10
example,9
employment,9
instincts,9
master,9
ideal,9
value,9
system,9
law,9
close,9
ground,9
feudal,9
corruption,9
opinions,9
principle,9
sufficient,9
preserved,9
learning,9
member,9
bear,9
eyes,9
father,9
returned,9
actors,9
gallantry,9
inclination,9
vice,9
acquired,9
johnson's,9
instead,9
justice,9
element,9
dialogue,9
attack,9
together,9
herself,9
hero,9
plain,9
frequent,9
powers,9
within,9
sound,9
laid,9
tonson,9
portion,9
undertook,9
nevertheless,9
prose,9
open,9
rising,9
agreeable,9
capacity,9
married,9
sufficiently,9
care,9
delightful,9
short,9
printed,9
next,9
rage,9
formed,9
ireland,9
motive,9
proved,9
air,9
december,9
anecdotes,9
wonder,9
continued,9
comply,9
added,9
hence,9
purpose,9
battle,9
iliad,9
'that,9
rosamond,9
fee,9
pamphlet,9
daily,9
provide,9
sex,9
former,9
execution,9
spence's,9
vol,9
title,8
distributed,8
mrs,8
journal,8
relations,8
publication,8
understand,8
contemporary,8
become,8
mere,8
strongly,8
speaking,8
thinking,8
morals,8
body,8
philosophy,8
change,8
institutions,8
produce,8
describes,8
hitherto,8
france,8
quite,8
minds,8
christian,8
passages,8
puritan,8
forms,8
traditions,8
effort,8
drawn,8
created,8
living,8
midst,8
observed,8
violent,8
lay,8
pleasures,8
ridiculous,8
extravagance,8
innocent,8
tone,8
puritans,8
intellectual,8
thy,8
treatment,8
highest,8
actions,8
fate,8
dramatists,8
dead,8
congreve,8
single,8
collier,8
bestowed,8
serious,8
remarkable,8
contempt,8
sought,8
instrument,8
near,8
acting,8
daughter,8
bishop,8
throne,8
magdalen,8
warm,8
taking,8
back,8
anxious,8
observations,8
mentioned,8
poet's,8
confusion,8
deal,8
address,8
meeting,8
containing,8
ought,8
later,8
rome,8
face,8
reached,8
blois,8
help,8
satisfaction,8
suppose,8
money,8
filled,8
service,8
myself,8
night,8
tells,8
disposition,8
week,8
countess,8
answer,8
expected,8
voice,8
husband,8
british,8
april,8
resolved,8
budgell,8
section,8
will's,8
inserted,8
follows,8
contributed,8
ashamed,8
honeycomb,8
distribution,8
knight,8
domain,8
including,8
volumes,7
education,7
iii,7
stella,7
picture,7
lived,7
record,7
narrative,7
compositions,7
enemy,7
possessed,7
portrait,7
creating,7
incident,7
powerful,7
contemporaries,7
perception,7
elegance,7
familiar,7
ridicule,7
sphere,7
difficulty,7
allow,7
chiefly,7
remained,7
else,7
opposition,7
vigorous,7
towns,7
contrary,7
sons,7
below,7
conception,7
corrupt,7
easy,7
fictitious,7
followed,7
romantic,7
atmosphere,7
devotion,7
domestic,7
control,7
simplicity,7
pretended,7
tragedies,7
removed,7
rise,7
comic,7
none,7
situation,7
attention,7
celebrated,7
lives,7
impulse,7
cast,7
contained,7
anne's,7
limited,7
merely,7
translations,7
justly,7
study,7
choice,7
carried,7
perfection,7
round,7
obtained,7
six,7
kept,7
safety,7
examiner,7
memory,7
third,7
college,7
behind,7
excellent,7
pains,7
affection,7
liberty,7
vast,7
fell,7
preface,7
figure,7
ovid,7
translated,7
instance,7
fancy,7
resemblance,7
likewise,7
ease,7
montague,7
profession,7
intention,7
self,7
friend's,7
private,7
wanted,7
secure,7
qualified,7
worth,7
worked,7
displayed,7
regular,7
succession,7
places,7
dated,7
august,7
twelve,7
ready,7
etc,7
easily,7
truly,7
advantage,7
army,7
principal,7
declined,7
street,7
periodical,7
shape,7
let,7
small,7
moment,7
clubs,7
defence,7
informed,7
britain,7
raise,7
field,7
sunderland,7
reasonable,7
superior,7
marriage,7
lieutenant,7
estate,7
kingdom,7
hard,7
behalf,7
individual,7
isaac,7
james',7
expressions,7
lane,7
morning,7
asked,7
atticus,7
gildon,7
notice,7
permission,7
distributing,7
ebooks,7
text,6
page,6
pages,6
james,6
thomas,6
lamb,6
materials,6
tragic,6
strange,6
favourable,6
charming,6
force,6
generation,6
accomplished,6
knew,6
property,6
ways,6
unless,6
impossible,6
room,6
devoted,6
claim,6
arts,6
europe,6
mixed,6
chivalry,6
carry,6
difficult,6
stood,6
efforts,6
military,6
land,6
commercial,6
dislike,6
undoubtedly,6
direction,6
favourite,6
opportunities,6
inclined,6
compliance,6
loved,6
artistic,6
apparently,6
notion,6
dunkirk,6
degree,6
seldom,6
affected,6
object,6
started,6
critics,6
representations,6
virtuous,6
indignation,6
judge,6
fall,6
freedom,6
altogether,6
wycherley,6
charm,6
neither,6
valuable,6
mankind,6
marked,6
amusement,6
hours,6
correct,6
qualities,6
appreciation,6
lichfield,6
tutor,6
presented,6
courage,6
lively,6
doctrine,6
ambitious,6
need,6
fellowship,6
using,6
behaviour,6
slight,6
moralist,6
particularly,6
thrown,6
evidently,6
direct,6
dunciad,6
attacked,6
discourse,6
encouraged,6
rude,6
judgments,6
consists,6
boileau,6
road,6
anne,6
advice,6
joined,6
offer,6
dedicated,6
names,6
miss,6
forty,6
showing,6
travelling,6
declare,6
special,6
fit,6
rest,6
five,6
mention,6
sure,6
englishman,6
delight,6
evident,6
expense,6
cut,6
merit,6
simple,6
attempt,6
adapted,6
prince,6
ceased,6
loss,6
exercised,6
desired,6
furnished,6
hope,6
meaning,6
proposed,6
expresses,6
requirements,6
complete,6
quality,6
successful,6
ill,6
glad,6
taught,6
assistance,6
furious,6
production,6
captain,6
godolphin,6
gazette,6
fiction,6
thousand,6
allusion,6
basis,6
unknown,6
duties,6
hear,6
pieces,6
frequently,6
pity,6
doubted,6
material,6
fees,6
signed,6
contact,6
newspapers,6
publish,6
species,6
hint,6
collection,6
designed,6
white's,6
nos,6
useful,6
immorality,6
series,6
whenever,6
outside,6
medium,6
distribute,6
tax,6
volunteers,6
anyone,5
whatsoever,5
included,5
online,5
note,5
spenser,5
burke,5
price,5
iv,5
quarrel,5
biographer,5
boyhood,5
button's,5
features,5
absence,5
conclude,5
satirist,5
chosen,5
elements,5
jacobite,5
national,5
representative,5
westminster,5
statesman,5
scholar,5
painter,5
wound,5
effected,5
praised,5
looking,5
pointed,5
beauties,5
remembered,5
cowley,5
philosophical,5
centuries,5
consider,5
imaginative,5
tale,5
foundations,5
capable,5
gothic,5
wars,5
reformation,5
instinct,5
followers,5
sovereign,5
fresh,5
habits,5
constantly,5
catholic,5
virgil,5
predecessors,5
conscious,5
breach,5
indicate,5
difficulties,5
vehement,5
deep,5
moneyed,5
opposed,5
spent,5
confirmed,5
visit,5
clergy,5
arguments,5
express,5
fox,5
generous,5
puritanism,5
saints,5
maintained,5
polite,5
countries,5
immediately,5
ingenious,5
elevated,5
ourselves,5
health,5
mirth,5
dignity,5
struck,5
romance,5
mistress,5
attend,5
allowed,5
sold,5
result,5
genuine,5
exhibits,5
characteristically,5
habit,5
witty,5
endeavoured,5
engaged,5
call,5
existing,5
afforded,5
denied,5
mutual,5
pass,5
comedy,5
companion,5
lie,5
triumph,5
sight,5
refined,5
courtiers,5
wealth,5
leisure,5
profits,5
perceived,5
becoming,5
increase,5
advanced,5
constitution,5
perceive,5
methods,5
milston,5
secret,5
appointment,5
children,5
zeal,5
editions,5
grow,5
designs,5
looks,5
prevented,5
sincere,5
liberal,5
superiority,5
sit,5
flow,5
grown,5
fail,5
impressed,5
woods,5
clear,5
slow,5
wide,5
thoroughly,5
otherwise,5
schools,5
notorious,5
election,5
proceeded,5
epistle,5
proof,5
placed,5
ability,5
actually,5
selected,5
dull,5
throughout,5
observe,5
compare,5
strokes,5
mus,5
entire,5
skill,5
involved,5
going,5
keeping,5
pension,5
travel,5
continent,5
abroad,5
scholars,5
intimate,5
proposal,5
active,5
source,5
effects,5
stronger,5
o'er,5
home,5
journey,5
hall,5
autumn,5
protestant,5
louis,5
hopes,5
fallen,5
versailles,5
covered,5
blood,5
heat,5
native,5
enthusiasm,5
driven,5
thinks,5
prospect,5
acts,5
learned,5
council,5
granted,5
kit,5
curious,5
freely,5
hundred,5
guineas,5
june,5
coming,5
final,5
die,5
succeeded,5
avowed,5
go,5
happily,5
faction,5
ambition,5
blenheim,5
extremely,5
applause,5
aid,5
heaven,5
calm,5
soul,5
dreadful,5
shortly,5
mission,5
arsinoe,5
humorous,5
absurd,5
defects,5
attempts,5
arising,5
judges,5
fairly,5
quoted,5
kindness,5
essayists,5
matters,5
periods,5
sort,5
constant,5
gradually,5
grecian,5
editor,5
astrologer,5
bickerstaff,5
dress,5
article,5
honourable,5
ten,5
statement,5
respectively,5
representation,5
practice,5
virtues,5
tea,5
clearly,5
box,5
exquisite,5
reported,5
prologue,5
cato's,5
speech,5
oh,5
bolingbroke,5
thing,5
aimed,5
phrases,5
pen,5
obviously,5
please,5
providing,5
roger's,5
web,5
owner,5
replacement,5
courthope,4
cost,4
re,4
november,4
images,4
available,4
smith,4
vi,4
suffering,4
enabled,4
devoid,4
fortunate,4
senate,4
excite,4
satirical,4
serve,4
refinement,4
opposing,4
middle,4
reform,4
fame,4
bring,4
questions,4
ascribed,4
preceding,4
represent,4
mechanical,4
aim,4
classics,4
christianity,4
alarmed,4
faith,4
fashions,4
improvement,4
visible,4
impression,4
thanks,4
conditions,4
numerous,4
assume,4
monarchical,4
beginning,4
constituted,4
recently,4
examination,4
disappeared,4
loyalty,4
interests,4
suspicion,4
trade,4
training,4
wives,4
supplied,4
hunter,4
october,4
professional,4
satisfy,4
andrew,4
enjoy,4
popular,4
creed,4
mode,4
sympathies,4
surrounded,4
king's,4
fifty,4
portions,4
utterly,4
vogue,4
invested,4
monarchy,4
dutch,4
capital,4
thames,4
elizabethan,4
policy,4
hold,4
comedies,4
alike,4
wrong,4
bad,4
feel,4
creature,4
perfect,4
reference,4
companions,4
understanding,4
lowest,4
mine,4
move,4
enemies,4
audiences,4
allusions,4
gross,4
readily,4
spread,4
busied,4
beyond,4
circle,4
sale,4
licensed,4
jacob,4
eager,4
majesty,4
sketch,4
rapidly,4
growing,4
statesmen,4
born,4
lancelot,4
dean,4
accomplishments,4
university,4
gulston,4
sister,4
salisbury,4
cathedral,4
fire,4
low,4
exaggerated,4
practised,4
reverence,4
hypocrisy,4
applicable,4
opposite,4
entertained,4
importance,4
george,4
records,4
singular,4
weakness,4
occasions,4
wherein,4
panegyric,4
peaceful,4
twenty,4
fertile,4
rivers,4
amid,4
consequences,4
ran,4
discovered,4
charter,4
imitation,4
especially,4
appreciate,4
leaving,4
dispute,4
elected,4
occupied,4
gratified,4
compliment,4
georgics,4
printing,4
undertake,4
employ,4
reflect,4
difference,4
convinced,4
rich,4
compliments,4
unjust,4
grandeur,4
marks,4
introduced,4
leading,4
somers,4
completely,4
orders,4
preferment,4
dear,4
probability,4
reasons,4
injury,4
poems,4
procured,4
anglican,4
deserves,4
connection,4
graceful,4
advancement,4
developed,4
gain,4
amount,4
spirits,4
ordered,4
enthusiastic,4
fruits,4
glowing,4
describe,4
thou,4
souls,4
royal,4
classic,4
nearly,4
months,4
visited,4
apennines,4
important,4
product,4
landed,4
xiv,4
determined,4
climax,4
nay,4
lately,4
rocks,4
figures,4
delicate,4
inimitable,4
terror,4
danube,4
masters,4
beside,4
happiest,4
draw,4
gay,4
wortley,4
follow,4
step,4
angry,4
amidst,4
speaks,4
beautiful,4
ages,4
ornaments,4
month,4
largely,4
career,4
city,4
kat,4
plainly,4
offers,4
reply,4
complying,4
confess,4
prevent,4
accept,4
advantages,4
derive,4
reduced,4
grub,4
preferred,4
lofty,4
controversial,4
neglected,4
liberties,4
calling,4
appealed,4
rendered,4
altered,4
rare,4
coldly,4
possession,4
thirty,4
jealous,4
duchess,4
conclusion,4
applied,4
posterity,4
extent,4
suffered,4
assured,4
factions,4
blaze,4
follies,4
finest,4
divine,4
storm,4
simile,4
stands,4
clayton,4
version,4
dying,4
happened,4
established,4
assigns,4
calls,4
takes,4
contending,4
conveyed,4
disquisition,4
hydaspes,4
productions,4
dealing,4
quill,4
goes,4
notions,4
harley,4
talk,4
evening,4
irish,4
july,4
add,4
previous,4
painful,4
seven,4
mercurius,4
strict,4
reports,4
alive,4
immediate,4
keep,4
desperate,4
majesty's,4
corrected,4
development,4
rational,4
sympathy,4
treating,4
current,4
pleasantry,4
curiosity,4
saint,4
division,4
dramas,4
survey,4
disguise,4
clergyman,4
objected,4
desires,4
proceed,4
passions,4
executed,4
conceived,4
contributor,4
completed,4
furnish,4
poor,4
types,4
templar,4
diversion,4
transient,4
killed,4
dwell,4
saying,4
reflections,4
grateful,4
gone,4
commons,4
plebeian,4
happiness,4
irony,4
censure,4
fable,4
diction,4
falling,4
probable,4
unity,4
foolish,4
thee,4
specimen,4
rises,4
craggs,4
caryll,4
wits,4
creator,4
raillery,4
lintot,4
natured,4
receive,4
suggest,4
soldier,4
believed,4
model,4
type,4
rules,4
nicolini,4
combat,4
copying,4
located,4
displaying,4
format,4
status,4
posted,4
holder,4
additional,4
site,4
damages,4
start,3
edited,3
morley,3
publishers,3
leslie,3
stephen,3
scott,3
black,3
henry,3
chaucer,3
sidney,3
bentley,3
bacon,3
mail,3
receipt,3
fully,3
vivid,3
protracted,3
prefixed,3
preserve,3
impressions,3
deficient,3
erroneous,3
reserved,3
illustrious,3
excited,3
wished,3
coarse,3
parson,3
impress,3
representing,3
agreed,3
whoever,3
coloured,3
elegant,3
nights,3
erected,3
abbey,3
consummate,3
reconciled,3
profligacy,3
grounds,3
apparent,3
creation,3
novel,3
operations,3
absorbed,3
why,3
paradise,3
assumed,3
arrived,3
scientific,3
stream,3
helping,3
irresistible,3
progress,3
discuss,3
treat,3
pressure,3
acknowledged,3
tendency,3
sake,3
conclusions,3
doctrines,3
revealed,3
exact,3
converse,3
modified,3
settled,3
receiving,3
structure,3
transformed,3
undermined,3
divided,3
germany,3
shock,3
patriotic,3
englishmen,3
mouth,3
expelled,3
violently,3
presbyterian,3
antagonism,3
conflict,3
surviving,3
families,3
custom,3
streams,3
daughters,3
communication,3
extreme,3
noticed,3
discover,3
level,3
squire,3
connected,3
rigidity,3
failed,3
supply,3
freeport,3
spectator's,3
diversions,3
intercourse,3
feigned,3
condemned,3
forward,3
viewed,3
encourage,3
indulgence,3
oppressed,3
utmost,3
deny,3
don't,3
community,3
non,3
objects,3
mirror,3
usually,3
happens,3
lower,3
attempted,3
approach,3
conquest,3
everything,3
heroic,3
drop,3
artificial,3
spectators,3
epilogue,3
feet,3
caroline,3
measure,3
got,3
appeal,3
duty,3
shadwell,3
finds,3
plot,3
jeremy,3
severe,3
negligence,3
sober,3
decency,3
dorimant,3
fopling,3
declares,3
innocence,3
spoken,3
puts,3
staunch,3
sorrow,3
enables,3
exercise,3
debauchery,3
fear,3
hesitate,3
assigned,3
limits,3
apart,3
members,3
excesses,3
nobility,3
degrees,3
select,3
aristocratic,3
authorities,3
playhouse,3
balanced,3
necessity,3
brilliant,3
sentences,3
brief,3
politics,3
recent,3
fortunately,3
eternal,3
sacrifice,3
grouped,3
perplexed,3
aristocracy,3
humanity,3
joseph,3
birth,3
amesbury,3
chaplain,3
attached,3
similar,3
eight,3
resources,3
nathaniel,3
promoted,3
reward,3
prompted,3
introduction,3
contains,3
studies,3
industry,3
research,3
shrewd,3
faculty,3
piety,3
passionate,3
fifth,3
arms,3
promoting,3
mother,3
governor,3
indies,3
drummer,3
talents,3
tatlers,3
arise,3
tender,3
boys,3
joy,3
god,3
command,3
steady,3
hearted,3
admitted,3
distinguishes,3
scenery,3
travelled,3
relieved,3
forget,3
river,3
prepare,3
faint,3
mountain,3
adventure,3
committed,3
perfected,3
rugby,3
scattered,3
boy,3
height,3
esteem,3
root,3
fourth,3
vehemently,3
entered,3
adopted,3
colleges,3
mortal,3
blow,3
retained,3
ambrose,3
arbuthnot,3
table,3
admit,3
dinner,3
walk,3
extended,3
advances,3
neid,3
miscellanies,3
suggested,3
ones,3
translate,3
obsolete,3
barbarous,3
lies,3
witness,3
appreciated,3
elaborate,3
inexhaustible,3
scarce,3
opened,3
journalism,3
conspicuous,3
i'll,3
muse,3
sermons,3
habitual,3
yesterday,3
ended,3
seeing,3
commonly,3
ode,3
failure,3
poverty,3
wants,3
wanting,3
traces,3
mock,3
rape,3
lock,3
seventeenth,3
enterprise,3
universally,3
recognised,3
politeness,3
northern,3
instruction,3
dissipation,3
neas,3
graces,3
display,3
vain,3
palace,3
glory,3
dropped,3
spoiled,3
eighth,3
varied,3
crossing,3
summer,3
pavia,3
milan,3
venice,3
sea,3
cities,3
proceeding,3
stay,3
holland,3
spring,3
universal,3
hurried,3
spoke,3
paris,3
preference,3
finer,3
descriptions,3
build,3
magnificent,3
walks,3
garden,3
eye,3
le,3
collected,3
mixture,3
commingled,3
hamlet,3
starting,3
adequate,3
eminent,3
vanity,3
'tis,3
wine,3
worst,3
knows,3
satirises,3
remembers,3
recalls,3
horror,3
german,3
adorned,3
sees,3
instructed,3
run,3
joshua,3
error,3
honest,3
craving,3
melancholy,3
colours,3
particulars,3
arouse,3
february,3
opening,3
eugene,3
confirmation,3
disappointment,3
compelled,3
bookseller,3
duke's,3
enter,3
viz,3
continue,3
recompense,3
approbation,3
bound,3
mean,3
contrived,3
offended,3
shine,3
lucrative,3
dramatist,3
practically,3
memories,3
disgust,3
moderation,3
bill,3
monmouth,3
shaftesbury,3
went,3
advance,3
asking,3
admire,3
worthy,3
richard,3
william's,3
deserve,3
song,3
rivals,3
danger,3
trained,3
leaders,3
establish,3
strength,3
marlborough's,3
affections,3
confidence,3
named,3
glorious,3
misfortune,3
justified,3
generosity,3
lodged,3
commissionership,3
prevail,3
weak,3
gods,3
borrowed,3
truest,3
infinite,3
homer,3
sung,3
apology,3
dexterous,3
slain,3
dignified,3
couplet,3
thrice,3
fortune's,3
envy,3
occasional,3
turns,3
demand,3
guilty,3
solely,3
minister,3
secured,3
permitted,3
hanover,3
vanbrugh,3
charged,3
meantime,3
prejudices,3
tune,3
capacities,3
absurdity,3
comments,3
tongue,3
cold,3
dream,3
trusty,3
qualifications,3
abilities,3
concerning,3
mischief,3
stated,3
offices,3
south,3
seat,3
injuries,3
occasionally,3
destined,3
differences,3
unable,3
downfall,3
observes,3
respects,3
benefit,3
exhibit,3
issue,3
publications,3
manuscript,3
pamphlets,3
issued,3
newes,3
accounts,3
butter,3
appearing,3
weekly,3
heated,3
mercury,3
organ,3
sheet,3
sole,3
advertisements,3
lent,3
preachers,3
gazetteer,3
licensing,3
print,3
severity,3
whereas,3
cases,3
errors,3
athenian,3
kinds,3
comparatively,3
emancipated,3
motives,3
perceptions,3
disadvantage,3
ideals,3
events,3
consisting,3
apartment,3
templars,3
criticised,3
subordinate,3
stages,3
et,3
prevailing,3
profaneness,3
evil,3
bent,3
begun,3
household,3
hereafter,3
improve,3
destroy,3
needed,3
rake,3
examples,3
characteristics,3
acceptable,3
relish,3
expect,3
indulged,3
authorship,3
infinitely,3
commendation,3
soever,3
fought,3
entertaining,3
shakespeare's,3
censured,3
sketches,3
earlier,3
until,3
pretty,3
central,3
sections,3
sentry,3
delicacy,3
essential,3
discretion,3
refresh,3
recovered,3
socrates,3
closets,3
libraries,3
assemblies,3
casa,3
courtier,3
la,3
bruy,3
instructions,3
consistent,3
exalted,3
mild,3
feminine,3
keen,3
servant,3
pipe,3
diverted,3
formerly,3
changed,3
disposed,3
maintaining,3
speculations,3
elegy,3
suppressed,3
unreasonable,3
unlikely,3
impartial,3
balance,3
demolition,3
controversy,3
lifetime,3
undramatic,3
cibber,3
conscience,3
regards,3
application,3
averse,3
rewards,3
reasoning,3
wild,3
tears,3
juba,3
portius,3
conspiracy,3
sempronius,3
tame,3
revenge,3
roused,3
hughes,3
returning,3
draft,3
stroke,3
apprehensions,3
demanded,3
sar,3
perpetual,3
voltaire,3
barbarian,3
nearer,3
syphax,3
meant,3
discord,3
facts,3
partizans,3
rupture,3
aside,3
ear,3
essayist,3
jealousy,3
pastorals,3
obscure,3
birds,3
humble,3
damage,3
ms,3
rumour,3
treaty,3
count,3
appointed,3
unequal,3
resignation,3
alderman,3
theory,3
groundless,3
widow,3
solicit,3
closing,3
silent,3
fashioned,3
standards,3
merchant,3
flutter,3
don,3
quixote,3
heads,3
suffer,3
lions,3
apt,3
addresses,3
tentative,3
experimental,3
based,3
contributions,3
implied,3
prefaces,3
signor,3
hooker,3
browne,3
rhythm,3
generations,3
ib,3
derivative,3
entity,3
performing,3
links,3
paragraphs,3
user,3
royalty,3
donate,3
payments,3
defect,3
defective,3
equipment,3
disclaimer,3
liability,3
warranties,3
limitation,3
foundation's,3
anywhere,2
restrictions,2
internet,2
enclosed,2
italics,2
harper,2
brothers,2
york,2
morison,2
symonds,2
defoe,2
ward,2
cowper,2
nichol,2
locke,2
colvin,2
david,2
gray,2
traill,2
fielding,2
cloth,2
per,2
preparation,2
mexico,2
contents,2
vii,2
viii,2
ix,2
invest,2
remains,2
writer's,2
admission,2
estranged,2
enlivened,2
delineated,2
unrivalled,2
restrained,2
heighten,2
lead,2
energy,2
verdict,2
exert,2
haughty,2
rank,2
wishes,2
attain,2
statue,2
unsullied,2
eloquence,2
abusing,2
inflicting,2
separation,2
astray,2
fanaticism,2
harmonise,2
conflicting,2
chaos,2
individuals,2
achievement,2
influenced,2
estimate,2
architect,2
destruction,2
world's,2
positive,2
belief,2
pull,2
vainly,2
theological,2
bigotry,2
tide,2
glimpses,2
traced,2
obvious,2
agents,2
evolution,2
injustice,2
destructive,2
tub,2
aberrations,2
incompatible,2
alleged,2
energies,2
historic,2
ecclesiastical,2
depart,2
antiquity,2
amendment,2
preserving,2
science,2
groundwork,2
improvements,2
forefathers,2
substance,2
medi,2
val,2
rebellion,2
outlines,2
create,2
saved,2
grew,2
producing,2
outward,2
arousing,2
logical,2
abounds,2
renaissance,2
conveys,2
allegorical,2
severely,2
reconciling,2
experienced,2
instinctive,2
persuasion,2
displaced,2
restored,2
confronting,2
harsh,2
achieved,2
begin,2
feudalism,2
tenure,2
patriarchal,2
tenants,2
retainers,2
protection,2
valued,2
economical,2
dogs,2
penetrated,2
squires,2
enlisted,2
sport,2
tom,2
larger,2
association,2
upper,2
organised,2
elizabeth,2
respectable,2
ruled,2
practise,2
brutal,2
pride,2
hated,2
pain,2
anti,2
sin,2
distasteful,2
inevitable,2
convert,2
painters,2
promote,2
philosopher,2
absolutism,2
get,2
atheist,2
sixty,2
yourself,2
undermine,2
conducted,2
monstrous,2
discourses,2
exorbitant,2
setting,2
dog,2
sides,2
roots,2
vitality,2
waller,2
discovering,2
adding,2
mistresses,2
romances,2
casuistry,2
elaborated,2
reproduced,2
societies,2
cultivate,2
golden,2
pastoral,2
illustrate,2
spurious,2
degraded,2
fleet,2
burn,2
glance,2
sufferings,2
themes,2
granada,2
hannibal,2
pitying,2
insensibly,2
recalled,2
strained,2
remove,2
rhyme,2
astonishment,2
big,2
swelling,2
tatters,2
flights,2
sublime,2
holding,2
dismissing,2
poured,2
reserve,2
reality,2
curiosities,2
fairy,2
male,2
profligate,2
wretch,2
warmly,2
headlong,2
incapable,2
stand,2
break,2
conscientious,2
speculative,2
affect,2
expend,2
laughter,2
citizens,2
argue,2
ancestors,2
prologues,2
quote,2
etherege's,2
contradiction,2
honesty,2
built,2
shoemaker,2
depend,2
'there,2
pretension,2
civilly,2
hate,2
vulgar,2
beds,2
observing,2
reflects,2
faithfully,2
boast,2
organisation,2
shocked,2
naked,2
theatres,2
obscene,2
masks,2
discard,2
sobriety,2
infection,2
confined,2
moved,2
decided,2
lawyers,2
steadily,2
subscription,2
patrons,2
calculated,2
commission,2
race,2
miscellany,2
manly,2
avoid,2
gratitude,2
founders,2
employed,2
purposes,2
attempting,2
fitting,2
conveying,2
careful,2
distracted,2
intolerable,2
democracy,2
representatives,2
austere,2
republicans,2
abstract,2
permanent,2
customs,2
honoured,2
reconciliation,2
rector,2
wiltshire,2
educated,2
submit,2
royalist,2
tangier,2
thereupon,2
jane,2
losses,2
convocation,2
voluminous,2
treatises,2
residence,2
barbary,2
observation,2
historical,2
runs,2
kingdoms,2
fez,2
orthodox,2
illustrated,2
sanctity,2
holiness,2
thereby,2
gestures,2
people's,2
repent,2
approving,2
armed,2
forgot,2
decidedly,2
father's,2
monument,2
recorded,2
fort,2
clever,2
dedication,2
criminal,2
emulation,2
behaved,2
impertinent,2
indifferent,2
strangers,2
accident,2
improved,2
childhood,2
sky,2
passing,2
cloud,2
repose,2
valley,2
sounds,2
solitude,2
coolness,2
vales,2
weary,2
soft,2
landscape,2
fault,2
abode,2
hollow,2
tree,2
scholarship,2
ingenuity,2
superficial,2
epigrammatic,2
eton,2
herodotus,2
appetite,2
extensive,2
profound,2
paramount,2
temperament,2
adopt,2
firm,2
tradition,2
fifteen,2
lancaster,2
excellence,2
associations,2
ardour,2
cooled,2
president,2
stuart,2
dynasty,2
actual,2
boulter,2
archbishop,2
dublin,2
phillips,2
possibly,2
sacheverell,2
quiet,2
complimenting,2
vigour,2
tonson's,2
turning,2
coadjutors,2
translating,2
metamorphoses,2
publisher,2
stories,2
compares,2
presence,2
virgil's,2
prevalent,2
merry,2
bard,2
poetic,2
tales,2
amused,2
pursued,2
fields,2
allegories,2
suspicious,2
concerned,2
successor,2
deserved,2
mighty,2
riches,2
regularity,2
decay,2
chase,2
instances,2
everywhere,2
rejected,2
scorn,2
stone,2
ministers,2
persuaded,2
monarchs,2
seductions,2
retain,2
fight,2
arena,2
prejudice,2
rid,2
pecuniary,2
embarrassments,2
embracing,2
propose,2
artful,2
involve,2
anxiety,2
shared,2
ablest,2
fixed,2
crown,2
practical,2
ryswick,2
splendid,2
prominent,2
antagonist,2
rag,2
similarity,2
irregularities,2
scruples,2
decline,2
significance,2
patronage,2
posts,2
profit,2
originality,2
epoch,2
halifax's,2
distinction,2
inconvenient,2
guide,2
companies,2
ardent,2
entering,2
nations,2
bed,2
hoped,2
grand,2
tour,2
shoes,2
faithful,2
directing,2
lute,2
venus,2
ride,2
smooth,2
operas,2
intrigued,2
tried,2
defined,2
daring,2
languages,2
sojourn,2
embarked,2
marseilles,2
monaco,2
genoa,2
ravenna,2
whence,2
neighbourhood,2
siena,2
lasted,2
twelvemonth,2
mont,2
cenis,2
geneva,2
gall,2
vienna,2
homewards,2
travellers,2
route,2
remarkably,2
occurred,2
jacobites,2
finally,2
astonished,2
plato,2
ventures,2
overrun,2
scripture,2
congenial,2
purity,2
inhabitants,2
temporary,2
casual,2
fontainebleau,2
anticipating,2
prefer,2
savage,2
prospects,2
meadows,2
rock,2
agreeably,2
statues,2
winding,2
paintings,2
striking,2
blasted,2
stayed,2
eleven,2
depth,2
winter,2
horatio,2
knave,2
brains,2
subscribe,2
mons,2
br,2
length,2
owing,2
complimentary,2
insupportable,2
miserable,2
ev'ry,2
intimacy,2
airs,2
posture,2
utterance,2
around,2
tread,2
renowned,2
heavenly,2
harbour,2
admired,2
recording,2
delights,2
falls,2
sinking,2
tempest,2
styles,2
architecture,2
curiously,2
prodigious,2
buildings,2
disposal,2
cathedrals,2
labour,2
multitude,2
columns,2
finely,2
top,2
bottom,2
white,2
labyrinths,2
liberality,2
attained,2
reynolds,2
affectation,2
presenting,2
pleasurable,2
fatigue,2
channels,2
trees,2
gardens,2
lose,2
qualify,2
informs,2
doomed,2
privy,2
henceforth,2
trust,2
undertaking,2
irksome,2
translator,2
somerset,2
hertford,2
recommended,2
recommendation,2
communicated,2
willing,2
illustration,2
affair,2
attendance,2
replied,2
grace's,2
can't,2
recommend,2
offensive,2
safe,2
'as,2
aikin,2
congratulated,2
employing,2
tact,2
felicity,2
simply,2
insufficient,2
ebb,2
patron,2
discredit,2
retirement,2
insensible,2
rochester,2
dorset,2
disregard,2
otway,2
journals,2
magazines,2
republican,2
save,2
purchase,2
fain,2
worse,2
combination,2
struggle,2
commonwealth,2
scandalous,2
adversity,2
helped,2
proprietors,2
parliamentary,2
adhered,2
opponents,2
incidents,2
test,2
exclusion,2
popish,2
trial,2
acquittal,2
necessarily,2
popularity,2
salary,2
months',2
apprehension,2
promised,2
complexion,2
mainly,2
stranger,2
suggests,2
blackmore,2
bears,2
muses,2
neglect,2
flattery,2
concealed,2
garrets,2
counterbalance,2
sovereign's,2
aware,2
democratic,2
enlarged,2
operation,2
trivial,2
fraternity,2
fantastic,2
consisted,2
nine,2
founder,2
glasses,2
pale,2
red,2
charms,2
divinely,2
conspiring,2
ascendency,2
vigorously,2
identified,2
victory,2
patronised,2
meanness,2
portraits,2
strictly,2
examined,2
stamp,2
answered,2
ask,2
pressed,2
fools,2
luxury,2
shop,2
excise,2
warton,2
repeated,2
ranked,2
disgrace,2
unadorned,2
rays,2
plea,2
theme,2
bearing,2
deliberately,2
construction,2
indicating,2
intervention,2
seizing,2
bravest,2
approves,2
dumb,2
strive,2
applaud,2
arrival,2
track,2
devastation,2
armies,2
alliance,2
sudden,2
polished,2
dwells,2
inflamed,2
'twas,2
hosts,2
engage,2
past,2
serene,2
th',2
perform,2
rides,2
whirlwind,2
'unmoved,2
'calm,2
composure,2
fury,2
whither,2
establishing,2
securing,2
brunswick,2
idle,2
delayed,2
recitative,2
haymarket,2
constructed,2
composer,2
camilla,2
si,2
lover,2
rightly,2
'and,2
'the,2
'for,2
trifles,2
nonsense,2
score,2
confused,2
skilful,2
explain,2
proves,2
satisfactory,2
arrange,2
grief,2
behold,2
pile,2
ascending,2
contrasted,2
blest,2
directed,2
absurdities,2
comparative,2
satirised,2
venal,2
gaining,2
malignant,2
shadow,2
rests,2
gratifications,2
despatch,2
moderate,2
eighty,2
succeed,2
scheme,2
accused,2
memorable,2
wretched,2
swift's,2
homme,2
du,2
meanly,2
veneration,2
impaired,2
claims,2
gladly,2
prior,2
exist,2
displeased,2
january,2
talked,2
odd,2
september,2
tower,2
resigned,2
sink,2
bilton,2
machinery,2
quarter,2
centres,2
existed,2
organs,2
inventors,2
increased,2
reporting,2
titles,2
survive,2
wonderful,2
staple,2
estimation,2
whereby,2
aroused,2
retail,2
escape,2
licenser,2
chamber,2
generated,2
prohibition,2
mercuries,2
ministerial,2
insipid,2
attacks,2
immortalised,2
renew,2
outspoken,2
extremity,2
proclamation,2
renewal,2
cover,2
prolonged,2
journalist,2
champions,2
flying,2
prosecuting,2
politician,2
demanding,2
dunton,2
throws,2
extract,2
conductor,2
quaint,2
humours,2
tenor,2
foot,2
wait,2
violin,2
habitu,2
clearness,2
resign,2
treachery,2
ironical,2
men's,2
invented,2
gambling,2
covent,2
dryden's,2
oldest,2
convenient,2
announced,2
fidelity,2
gossip,2
colour,2
jenny,2
humorously,2
motto,2
est,2
propriety,2
qui,2
acknowledges,2
pardonable,2
dealt,2
reflecting,2
strongest,2
overwhelming,2
sweeping,2
reproof,2
nobler,2
broken,2
gracious,2
systematically,2
notwithstanding,2
indecent,2
plead,2
desirous,2
supporting,2
faults,2
advocate,2
constitutional,2
duelling,2
serjeant,2
pointing,2
serjeant's,2
coldstream,2
scotland,2
west,2
chelsea,2
soldiers,2
officers,2
aided,2
declared,2
noticeable,2
distress,2
considering,2
thousands,2
commended,2
countrymen,2
subsist,2
examine,2
articles,2
chute,2
likely,2
thank,2
exalt,2
comparison,2
trace,2
origin,2
repeat,2
condition,2
bend,2
enlist,2
forbes,2
nichols,2
antiquary,2
lordship,2
abused,2
throat,2
teach,2
anticipated,2
appropriate,2
deserving,2
finish,2
discontinued,2
guinea,2
apiece,2
embarrassment,2
directly,2
discontinue,2
discharge,2
confident,2
originally,2
commiseration,2
o'clock,2
weather,2
wind,2
promise,2
wholesome,2
differing,2
elderly,2
substituted,2
appearances,2
spare,2
enliven,2
speculation,2
intermitting,2
starts,2
folly,2
inhabit,2
tables,2
castiglione,2
praises,2
models,2
formation,2
civilised,2
employments,2
creatures,2
suit,2
morning's,2
inspire,2
awe,2
commend,2
pique,2
depreciate,2
specially,2
correspondent,2
subsequent,2
fill,2
fraught,2
prude,2
coquette,2
concern,2
sorry,2
farmer's,2
regret,2
admirably,2
descriptive,2
running,2
milton's,2
sixteen,2
overlooked,2
increasing,2
allowance,2
disturbed,2
neutrality,2
partizanship,2
replaced,2
fastidious,2
eve,2
insisted,2
anybody,2
tragedians,2
indirectly,2
lear,2
deeper,2
brings,2
gime,2
ridicules,2
felicitous,2
indian,2
emotion,2
bombast,2
sources,2
aristotle,2
correctness,2
punishments,2
happen,2
vital,2
essence,2
spectacle,2
struggling,2
springs,2
drops,2
confessed,2
draws,2
admirer,2
unjustly,2
raising,2
solicitude,2
discerned,2
uneasy,2
consciousness,2
praiseworthy,2
suspected,2
dismissed,2
rehearsal,2
friday,2
oldfield,2
alteration,2
line,2
uncommon,2
garth,2
properly,2
played,2
acknowledgment,2
betwixt,2
infused,2
harmony,2
cornelia,2
tends,2
toit,2
sewell,2
owed,2
formidable,2
rigid,2
complain,2
we'll,2
respecting,2
deserts,2
friendly,2
game,2
stars,2
ornament,2
fatal,2
closes,2
soliloquy,2
brutus,2
suffers,2
metaphors,2
uncontradicted,2
statements,2
abuse,2
convince,2
circulated,2
authorised,2
surreptitious,2
undeserving,2
credence,2
countenance,2
atterbury,2
blame,2
exceedingly,2
warmth,2
supreme,2
assembly,2
justifying,2
higher,2
inferior,2
imparted,2
addition,2
completion,2
indicated,2
sun,2
season,2
norris',2
wholly,2
endeavouring,2
imitate,2
flatter,2
watch,2
reluctant,2
broke,2
coldness,2
beg,2
dine,2
tavern,2
touched,2
surprise,2
mistake,2
communicate,2
tending,2
justification,2
confidently,2
indirect,2
internal,2
meaner,2
scornful,2
substantial,2
imposed,2
crisis,2
further,2
speaker,2
evidences,2
staff,2
proclaimed,2
justices,2
specimens,2
deficiency,2
drury,2
peculiar,2
north,2
consent,2
questioned,2
trumpet,2
invective,2
indispensable,2
argument,2
kings,2
stock,2
choose,2
shake,2
stupidity,2
distinct,2
deviating,2
transcribing,2
occur,2
charlotte,2
corroboration,2
mary,2
esteemed,2
dissensions,2
townshend,2
asthma,2
surely,2
conformity,2
imagine,2
drinking,2
sensual,2
learn,2
lying,2
midnight,2
dust,2
durable,2
individuality,2
stop,2
codes,2
harmless,2
banished,2
cur,2
'i,2
spleen,2
cheerfulness,2
reflection,2
collier's,2
unnatural,2
cuckolded,2
cuckold,2
belonged,2
uninteresting,2
refinements,2
modest,2
eccentric,2
womanhood,2
ladies,2
wrestle,2
fan,2
petticoat,2
ends,2
intend,2
conceptions,2
rough,2
contradictions,2
inconsistencies,2
presents,2
stray,2
temple,2
rusticity,2
humourist,2
oddities,2
knight's,2
servants,2
incidental,2
giving,2
inconsistent,2
variously,2
affirmed,2
ignorance,2
gentle,2
accessible,2
inquiry,2
shift,2
paws,2
hurt,2
acquaint,2
choleric,2
lion's,2
skin,2
tailor,2
gentleman's,2
touches,2
dissenter,2
remembering,2
montaigne,2
lucidity,2
campbell,2
furnishes,2
picturesque,2
oldham's,2
dissuading,2
andrews',2
inclusive,2
sending,2
file,2
files,2
formats,2
owns,2
paying,2
royalties,2
protect,2
concept,2
registered,2
redistribution,2
redistributing,2
obtaining,2
pglaf,2
references,2
check,2
prominently,2
copied,2
contain,2
vanilla,2
ascii,2
specified,2
physical,2
accordance,2
michael,2
hart,2
employees,2
computer,2
warranty,2
costs,2
expenses,2
legal,2
explanation,2
lieu,2
electronically,2
readable,2
widest,2
computers,2
exempt,2
federal,2
locations,2
email,2
release,1
encoding,1
iso,1
proofreading,1
team,1
generously,1
transcriber's,1
underscores,1
curly,1
brackets,1
superscripted,1
gibbon,1
hutton,1
shelley,1
hume,1
huxley,1
goldsmith,1
minto,1
burns,1
shairp,1
thackeray,1
anthony,1
trollope,1
pattison,1
hawthorne,1
jr,1
southey,1
dowden,1
bunyan,1
froude,1
goldwin,1
byron,1
fowler,1
wordsworth,1
myers,1
saintsbury,1
landor,1
quincey,1
masson,1
alfred,1
ainger,1
jebb,1
dickens,1
gosse,1
sterne,1
cotter,1
austin,1
dobson,1
sheridan,1
oliphant,1
coleridge,1
philip,1
keats,1
carlyle,1
mo,1
cents,1
postage,1
prepaid,1
canada,1
embody,1
provides,1
scantiest,1
twist,1
distorted,1
companionship,1
formal,1
bibliography,1
trouble,1
wisdom,1
painting,1
shy,1
unanimous,1
decisive,1
potent,1
mercurial,1
fascinate,1
cynical,1
intellect,1
mandeville,1
tye,1
wig,1
lasting,1
acknowledging,1
biography,1
prepossessions,1
semi,1
ostentatious,1
pure,1
disastrous,1
imprescriptible,1
macaulay's,1
eulogy,1
eloquent,1
accounted,1
initial,1
commonplace,1
sheer,1
tacitly,1
supernatural,1
jealously,1
excluded,1
tracing,1
continuous,1
strengthen,1
barriers,1
enlightened,1
universe,1
mystery,1
dissecting,1
creative,1
consciously,1
theologians,1
logically,1
deism,1
nobody,1
historians,1
analysis,1
reconstruction,1
undergone,1
untouched,1
superstructure,1
profoundly,1
tenacious,1
modes,1
institution,1
fourteenth,1
fifteenth,1
adhering,1
maxim,1
discipline,1
susceptible,1
altering,1
meliorating,1
accessories,1
providence,1
successively,1
monkish,1
ample,1
illuminated,1
despising,1
patrimony,1
roses,1
barely,1
imply,1
imperceptible,1
process,1
tend,1
republics,1
enfeebled,1
severed,1
favouring,1
gradual,1
assimilation,1
langland,1
wycliffe,1
familiarised,1
headship,1
convulsion,1
hearts,1
incongruity,1
shepherds,1
originals,1
theocritus,1
ceremonial,1
rigidly,1
calvinistic,1
floating,1
overthrown,1
beheaded,1
episcopalian,1
population,1
camps,1
inherited,1
bare,1
summary,1
encounter,1
detailed,1
rooted,1
inimitably,1
welfare,1
responsible,1
instinctively,1
rely,1
younger,1
county,1
abandoned,1
seeking,1
wimble,1
neighbours,1
fishing,1
whips,1
heirs,1
garters,1
slowness,1
resided,1
chaplains,1
average,1
western,1
satirically,1
painted,1
headquarters,1
d'urfey,1
predominated,1
compensated,1
inferiority,1
lacked,1
revolt,1
excites,1
attach,1
currents,1
surrender,1
roundhead,1
tyranny,1
preferable,1
sectarian,1
constancy,1
taskmaster,1
asceticism,1
monks,1
nuns,1
voluntarily,1
submitted,1
sacrificed,1
spiritual,1
baiting,1
snare,1
approved,1
sermon,1
inclinations,1
scots,1
rites,1
exile,1
hardship,1
disagreeable,1
selfish,1
inhuman,1
transcendental,1
aspiring,1
avow,1
debauchee,1
excellently,1
hit,1
joyous,1
arrogance,1
fundamentals,1
peevishness,1
disease,1
tully,1
bane,1
prythee,1
thyself,1
hopelessly,1
favoured,1
lyrics,1
lovelace,1
montrose,1
existent,1
perverted,1
mystical,1
subjected,1
torturing,1
resemblances,1
unlike,1
charity,1
presumed,1
notoriously,1
conceive,1
mademoiselle,1
scudery,1
aphra,1
behn,1
diseased,1
longing,1
grades,1
attributes,1
damon,1
celadon,1
amarantha,1
phyllis,1
chivalrous,1
discouraged,1
pursuit,1
conceal,1
weariness,1
ships,1
evinces,1
patriotism,1
princes,1
playwright,1
descended,1
mogul,1
monotony,1
montezuma,1
unreal,1
seek,1
hide,1
heroes,1
tear,1
nell,1
gwynne,1
catherine,1
actress,1
suddenly,1
exclaiming,1
mad,1
damned,1
confounded,1
compensation,1
gulf,1
separates,1
theirs,1
defend,1
moralists,1
comedians,1
exceptions,1
catos,1
pit,1
police,1
blight,1
needs,1
dizzy,1
swedenborgian,1
wandered,1
unawares,1
angels,1
fainalls,1
mirabels,1
dorimants,1
touchwoods,1
offend,1
restraints,1
christendom,1
cuckoldry,1
utopia,1
etherege,1
superfluous,1
horseplay,1
aristophanes,1
terence,1
arouses,1
spontaneously,1
provokes,1
complications,1
devices,1
cuckolds,1
artifices,1
dupe,1
husbands,1
profuse,1
smallest,1
paradox,1
chooses,1
admissions,1
engages,1
trample,1
coxcomb,1
'makes,1
favourably,1
ruin,1
orange,1
dorimant's,1
heathen,1
'never,1
motions,1
inquires,1
heartily,1
soak,1
settle,1
'soaking,1
together',1
ugly,1
unbeliever,1
wronged,1
degeneracy,1
propagation,1
reprove,1
checked,1
condemnation,1
practices,1
decaying,1
tended,1
atheism,1
cynicism,1
dissolute,1
shamelessness,1
interrupt,1
loudly,1
applauded,1
venture,1
centre,1
assignations,1
modesty,1
choicest,1
indecencies,1
epilogues,1
inveterately,1
purification,1
garbage,1
characterises,1
frivolous,1
estates,1
professions,1
avoided,1
unrepresented,1
antiquarians,1
selden,1
silently,1
dependent,1
subsidence,1
rapid,1
strides,1
seller,1
printers,1
interested,1
precede,1
versifications,1
ignorant,1
usages,1
robust,1
repugnance,1
circles,1
fineness,1
subtlety,1
complex,1
impelled,1
nicer,1
logic,1
selection,1
pleasing,1
poised,1
flushed,1
retaining,1
inapplicability,1
feeding,1
alternately,1
decayed,1
gaiety,1
unaware,1
mitigation,1
ennui,1
obstruct,1
gloomy,1
fanatics,1
intense,1
unorganised,1
reconcile,1
harmonised,1
absolutely,1
eldest,1
visitation,1
preferences,1
episcopacy,1
boldness,1
petworth,1
sussex,1
garrison,1
ceded,1
venturing,1
bristol,1
prebendary,1
deanery,1
consideration,1
sustained,1
legitimacy,1
manifest,1
hostility,1
sacrament,1
leans,1
mahommedanism,1
judaism,1
results,1
allegory,1
revolutions,1
morocco,1
piquant,1
flavour,1
recollections,1
protectorate,1
vividness,1
moorish,1
priest,1
pretensions,1
fervent,1
stubborn,1
zeriffe,1
pilgrimage,1
mecca,1
buffooneries,1
superstitious,1
kissing,1
garments,1
adoring,1
contemplative,1
sighs,1
tragical,1
interjections,1
'allah,1
allah,1
doleful,1
sustenance,1
alms,1
impostors,1
inveigled,1
mistrusted,1
rulers,1
puffed,1
successes,1
obedience,1
spoils,1
utterances,1
consistently,1
assertor,1
indefeasible,1
hereditary,1
dissented,1
completing,1
lancelot's,1
east,1
joseph's,1
footsteps,1
sisters,1
anna,1
dorothy,1
epigram,1
perfections,1
equanimity,1
bred,1
imaginable,1
ingenuous,1
reckon,1
familiarities,1
freedoms,1
complaisance,1
unspeakable,1
meal,1
man's,1
children's,1
loving,1
hiding,1
partiality,1
expedient,1
savour,1
formalism,1
priggishness,1
vivacity,1
rectory,1
amiable,1
summer's,1
across,1
canopy,1
tracts,1
undulating,1
downland,1
shadows,1
grazing,1
sheep,1
stonehenge,1
refreshment,1
descent,1
avon,1
villages,1
shade,1
chalk,1
delicious,1
recollection,1
paraphrase,1
psalm,1
pasture,1
feed,1
shepherd's,1
sultry,1
glebe,1
thirsty,1
pant,1
dewy,1
meads,1
wandering,1
steps,1
leads,1
verdant,1
nash,1
fearful,1
parents,1
thence,1
grammar,1
leader,1
barring,1
ellis,1
labours,1
acquirements,1
hazards,1
lads,1
porson,1
cursory,1
intelligent,1
jeu,1
d'esprit,1
lucian's,1
normal,1
cricket,1
football,1
prodigy,1
infers,1
wherever,1
vernacular,1
affinities,1
universities,1
tolerably,1
minor,1
confining,1
orators,1
undervalue,1
proficiency,1
queen's,1
provost,1
demyship,1
inauguratio,1
regis,1
gulielmi,1
reasonably,1
infer,1
bias,1
fluctuations,1
elizabeth's,1
calvinism,1
chancellorship,1
laud,1
arminianism,1
stoutest,1
visitors,1
despotic,1
tendencies,1
spirited,1
resistance,1
hough,1
demies,1
master's,1
probationary,1
friendships,1
unenviably,1
perpetuated,1
bavius,1
shyness,1
elms,1
cherwell,1
maturity,1
nineteenth,1
rushout,1
enduring,1
welcomed,1
bestowing,1
unmerited,1
purchased,1
juvenal,1
persius,1
urged,1
superintend,1
procure,1
historian,1
polymnia,1
urania,1
unexplained,1
silly,1
tedious,1
developing,1
anticipate,1
timid,1
impregnated,1
pictorial,1
faery,1
warmed,1
uncultivate,1
where'er,1
pathless,1
unfrequented,1
floods,1
dens,1
dragons,1
enchanted,1
mystic,1
yore,1
spun,1
fulsome,1
legitimate,1
lessened,1
entertains,1
veins,1
depreciation,1
older,1
lingering,1
fetched,1
conceits,1
instructive,1
chevy,1
foregoing,1
distinction's,1
sparing,1
italians,1
epic,1
monsieur,1
greeks,1
nowhere,1
epigrammatists,1
betrays,1
lucretius,1
catullus,1
horace,1
martial,1
stepping,1
immaturity,1
decision,1
affecting,1
etiquette,1
hyperbole,1
unpoetical,1
lingered,1
partizan,1
unbecoming,1
bishopric,1
saviour's,1
southwark,1
editing,1
freethinker,1
primacy,1
hoadley,1
bangor,1
honours,1
awarded,1
urgent,1
truths,1
farewell,1
controversialist,1
influences,1
earliest,1
determination,1
distrust,1
responsibilities,1
clerical,1
memoir,1
insist,1
pravity,1
presently,1
prot,1
transact,1
soliciting,1
enable,1
supplement,1
embraced,1
studying,1
spots,1
passport,1
edmund,1
collecting,1
sheldonian,1
contributors,1
hannes,1
scholarly,1
physicians,1
shilling,1
alsop,1
horatian,1
edmond,1
pocock,1
recollected,1
indolent,1
licentious,1
christ,1
modelled,1
profiting,1
laziness,1
whim,1
exertions,1
rose,1
envied,1
ignoring,1
murmured,1
estimated,1
versification,1
pygm,1
gerano,1
machia,1
sedulously,1
cultivated,1
gulliver's,1
conspicuously,1
wider,1
presentation,1
recommendatory,1
precaution,1
tourist,1
accustomed,1
abandon,1
couriers,1
railway,1
roderick,1
random,1
adventures,1
streets,1
inns,1
graver,1
diplomacy,1
revived,1
conybeare,1
absolute,1
feared,1
atwell,1
lord's,1
discouraging,1
hasty,1
hatred,1
cambridge,1
ostentatiously,1
dragoons,1
wooden,1
amusing,1
gallican,1
unsettlement,1
dullness,1
doings,1
pupil,1
intrepid,1
seas,1
flew,1
gifts,1
seine,1
obsequious,1
pours,1
bourbon's,1
silken,1
tyber,1
rolls,1
convents,1
bosomed,1
vines,1
slumber,1
abbots,1
purple,1
wines,1
isles,1
fragrance,1
lily,1
silvered,1
diffusing,1
languor,1
panting,1
gales,1
lands,1
singing,1
dancing,1
slaves,1
whispering,1
resounding,1
waves,1
shrine,1
keeps,1
cupids,1
deeps,1
eased,1
fleets,1
adriatic,1
wafts,1
eunuch,1
enamoured,1
swain,1
sauntered,1
gathered,1
stews,1
explored,1
whored,1
hors,1
d'oeuvres,1
liqueurs,1
judicious,1
drank,1
dined,1
lumber,1
store,1
echo,1
needless,1
experiences,1
equipped,1
qualifying,1
familiarising,1
comprehensive,1
dover,1
calais,1
eighteen,1
brescia,1
verona,1
padua,1
ferrara,1
rimini,1
marino,1
pesaro,1
fano,1
sinigaglia,1
ancona,1
loreto,1
peter's,1
pantheon,1
naples,1
capri,1
leghorn,1
pisa,1
lucca,1
florence,1
bologna,1
modena,1
parma,1
turin,1
exactly,1
crossed,1
peninsula,1
fribourg,1
berne,1
soleure,1
zurich,1
linden,1
insbruck,1
austrian,1
hamburg,1
composing,1
trodden,1
arthur,1
illustrations,1
suggestions,1
demolished,1
disappointed,1
dreams,1
boundless,1
arriving,1
imperfect,1
saturated,1
comes,1
dacier,1
bin,1
comply'd,1
tast,1
texts,1
pr,1
stolen,1
prophets,1
legends,1
rhime,1
noted,1
vendome,1
lanskips,1
yo,1
situated,1
humoured,1
regulate,1
reforming,1
cascades,1
clefts,1
cracks,1
moss,1
piled,1
wildness,1
canals,1
wall,1
fenced,1
mound,1
strikes,1
heaps,1
wou'd,1
tossed,1
brun's,1
xtian,1
jupiter,1
throwing,1
thunderbolts,1
ceiling,1
rhine,1
cornice,1
abbe,1
philippeaux,1
gossipping,1
informants,1
abed,1
untalkative,1
thoughtful,1
minutes,1
supper,1
amour,1
whilst,1
altercation,1
accommodation,1
affront,1
fool,1
legs,1
scorned,1
l'espagnol,1
defectiveness,1
mastering,1
especial,1
malebranche,1
solicitous,1
rendering,1
survived,1
splenetic,1
propitiated,1
elated,1
elevation,1
anjou,1
spain,1
reluctance,1
quit,1
pow'r,1
slavery,1
'em,1
sings,1
laughs,1
starves,1
mend,1
familiarity,1
abundance,1
sprightly,1
faces,1
godfrey,1
kneller,1
edward,1
shylock,1
worldly,1
avidien,1
unnecessary,1
encompass,1
oft,1
harp,1
strung,1
rears,1
unsung,1
shady,1
thicket,1
grows,1
flows,1
proverbial,1
repeats,1
quotations,1
abundant,1
apposite,1
lucan's,1
shelter,1
passes,1
monte,1
circeo,1
feels,1
neas's,1
voyage,1
spot,1
crosses,1
claudian,1
honorius,1
velino,1
goddess,1
alecto,1
plunging,1
hell,1
judging,1
lombard,1
wonders,1
certosa,1
convent,1
carthusians,1
spacious,1
duomo,1
miracles,1
warmer,1
priests,1
consumed,1
spouts,1
loaden,1
windows,1
perspective,1
pillars,1
retiring,1
engraven,1
foliage,1
twisting,1
chequered,1
lays,1
marble,1
pavement,1
front,1
mazes,1
sculpture,1
prettier,1
majestic,1
insisting,1
imputing,1
workmen,1
architects,1
infinity,1
projection,1
external,1
gazes,1
selects,1
loretto,1
gutters,1
worn,1
torrents,1
rain,1
snow,1
water,1
sand,1
bottoms,1
days',1
seasons,1
shivering,1
bleak,1
basking,1
violets,1
almond,1
blossom,1
bees,1
swarming,1
groves,1
olives,1
oranges,1
apartments,1
mountains,1
greenhouses,1
shaded,1
shrubs,1
verdure,1
medals,1
door,1
waited,1
depended,1
eke,1
income,1
rotterdam,1
magnates,1
approval,1
engagement,1
son's,1
lodging,1
diet,1
sixpence,1
year's,1
tempting,1
advantageous,1
executing,1
commands,1
assure,1
readiness,1
niggardliness,1
sequel,1
exertion,1
escaped,1
wasting,1
servile,1
precious,1
courses,1
influential,1
amsterdam,1
event,1
poorest,1
mounted,1
fruit,1
's,1
miserably,1
reach,1
buckingham,1
sedley,1
songs,1
crowded,1
indigence,1
starvation,1
playwrights,1
attended,1
oldham,1
starve,1
pamphleteer,1
remuneration,1
reaction,1
assaults,1
solid,1
summing,1
misspent,1
gains,1
flannel,1
sick,1
interred,1
tick,1
bless,1
fever,1
professors,1
recommenced,1
wearied,1
newly,1
fainter,1
watched,1
selfishness,1
cromwell,1
thinly,1
disguised,1
popery,1
alarm,1
attracted,1
metropolis,1
nucleus,1
sufferers,1
nicknamed,1
conflicts,1
ensued,1
intrigues,1
treason,1
bethought,1
readiest,1
astonishing,1
fervour,1
lee,1
crowne,1
laments,1
rump,1
pulpits,1
party's,1
drum,1
artillery,1
serviceable,1
absalom,1
achitophel,1
medal,1
satirising,1
hind,1
panther,1
romanising,1
projects,1
ingratitude,1
levity,1
inveterate,1
unrequited,1
laureate,1
historiographer,1
arrears,1
treasury,1
payment,1
cared,1
incalculable,1
laureate's,1
deducting,1
cutting,1
emoluments,1
butt,1
canary,1
sword,1
statesmanship,1
maliciously,1
knighted,1
conferred,1
medicine,1
reverse,1
shunned,1
acclamations,1
throng,1
hyperbolical,1
extinct,1
discordant,1
chorus,1
adulation,1
cellars,1
favorable,1
coincided,1
leaning,1
leavened,1
seized,1
threatened,1
strengthening,1
attracting,1
mingle,1
footing,1
expectation,1
reaped,1
overthrow,1
union,1
forces,1
extend,1
narrow,1
orbit,1
fundamental,1
embarrassing,1
assembled,1
christopher,1
catt's,1
pastry,1
cook,1
mutton,1
pies,1
toast,1
engraved,1
belonging,1
chose,1
manchester,1
complimented,1
gallia's,1
dames,1
cheeks,1
beheld,1
beauteous,1
unborrowed,1
blushes,1
glowed,1
acquiring,1
predilections,1
menaced,1
unreserved,1
threw,1
commemorated,1
sacer,1
vates,1
transmitted,1
cenas,1
insinuates,1
jews,1
bufo,1
quarters,1
bore,1
zealous,1
celebrate,1
qualification,1
blockheads,1
shamefully,1
languish,1
obscurity,1
celebrating,1
treasurer,1
whereupon,1
stipulated,1
boyle,1
chancellor,1
exchequer,1
carleton,1
despatched,1
embassy,1
trusted,1
pair,1
stairs,1
pledge,1
negotiation,1
disposes,1
cavalier,1
loftiness,1
horace's,1
qualem,1
ministrum,1
methodical,1
misrepresented,1
warton's,1
sarcastic,1
deliberate,1
britannia's,1
rehearse,1
wondrous,1
descend,1
skies,1
oozy,1
deck,1
marlbro's,1
exploits,1
bright,1
proudly,1
paint,1
eminently,1
recite,1
excused,1
inadequate,1
celebration,1
deeds,1
focus,1
boyne,1
consolatory,1
prosaic,1
avail,1
slaughter,1
hills,1
weighty,1
image,1
encroachments,1
imbued,1
conquests,1
rent,1
flourishing,1
prince's,1
favourites,1
crimes,1
desert,1
friendship's,1
holy,1
ties,1
smiles,1
showers,1
blessings,1
proceeds,1
moselle,1
maese,1
exposed,1
neckar,1
inspires,1
outstretched,1
mingling,1
courts,1
hardened,1
skilled,1
troubled,1
flood,1
mounting,1
fermenting,1
overruled,1
content,1
dares,1
entrust,1
charging,1
unmoved,1
despair,1
surveyed,1
fainting,1
squadrons,1
timely,1
repulsed,1
battalions,1
doubtful,1
tempests,1
shakes,1
britannia,1
drives,1
blast,1
almighty's,1
directs,1
maintains,1
exemplification,1
'teaches,1
'directs,1
unimpeachable,1
likeness,1
stress,1
noblest,1
symbol,1
ravaged,1
severally,1
fulfilled,1
strengthened,1
appeals,1
hedges,1
vanished,1
arduous,1
naturalisation,1
electress,1
sophia,1
clarencieux,1
elector,1
garter,1
affording,1
insight,1
england's,1
closest,1
provinces,1
engaging,1
operatic,1
insular,1
untutored,1
liked,1
interspersed,1
exacting,1
singers,1
avowedly,1
badness,1
bononcini,1
hurting,1
'barbara,1
t'intendo,1
'barbarous,1
yes,1
lamentation,1
'frail,1
lover's,1
pleasant,1
languishing,1
transposition,1
rhyme's,1
'rage',1
oftentimes,1
insignificant,1
'and',1
gamut,1
melodious,1
quavers,1
divisions,1
'then,1
'from,1
particles,1
perceiving,1
radical,1
remedied,1
forming,1
plans,1
poetasters,1
fiddlers,1
ware,1
unmistakable,1
withdrawn,1
catastrophe,1
betray,1
musical,1
misled,1
musician,1
hawkins,1
quoting,1
shortness,1
melodrama,1
eleanor,1
poison,1
administered,1
sleeping,1
potion,1
bowl,1
drowsy,1
juices,1
egyptian,1
drugs,1
distilled,1
closed,1
terminate,1
quietly,1
trance,1
nunnery,1
warlike,1
prowess,1
consoled,1
vision,1
glories,1
lull,1
cares,1
revolving,1
bower,1
deface,1
ruins,1
arches,1
bending,1
domes,1
awful,1
pomp,1
surprising,1
foes,1
figured,1
fights,1
grideline,1
conjugal,1
fond,1
adonis,1
inspirations,1
technical,1
cite,1
burney,1
decide,1
predilection,1
insensibility,1
handel's,1
rinaldo,1
dartmouth,1
wharton,1
subsequently,1
marquis,1
sceptic,1
unprincipled,1
commencing,1
secretary's,1
counteracted,1
blasting,1
imputation,1
defines,1
pretence,1
receives,1
unquestioned,1
tokens,1
thankfulness,1
specious,1
pretences,1
shelters,1
unjustifiable,1
gained,1
overgrown,1
cankered,1
acquisitions,1
rapine,1
exaction,1
discharged,1
inflexible,1
integrity,1
mechanic,1
impartiality,1
overstrained,1
remit,1
customary,1
eustace,1
related,1
imitating,1
guidance,1
served,1
disputes,1
dismissal,1
bolton,1
remonstrances,1
complicated,1
sums,1
kinsman,1
tindal,1
deist,1
falsified,1
infelicity,1
rouse,1
deadly,1
couplets,1
repaying,1
whate'er,1
drowning,1
firmly,1
cemented,1
embarking,1
colonel,1
hurrying,1
pray,1
spoil,1
plus,1
honnete,1
monde,1
visits,1
hath,1
grain,1
undisputed,1
refused,1
inscribing,1
combined,1
craft,1
masham,1
effectively,1
polemics,1
informing,1
examiners,1
crushing,1
blows,1
hasten,1
defection,1
awhile,1
dearness,1
that's,1
entries,1
park,1
supped,1
lodgings,1
sat,1
keepership,1
bermingham's,1
ann,1
stocks,1
materially,1
buy,1
funds,1
executor,1
residuary,1
legatee,1
refers,1
trustees,1
careless,1
dishonest,1
remitted,1
diamonds,1
liquidation,1
moiety,1
sum,1
bequeathed,1
chapters,1
exemplified,1
magnitude,1
revolved,1
consistency,1
masterpieces,1
profited,1
gazzetta,1
aloud,1
turks,1
facilities,1
growth,1
purveyance,1
profitable,1
sixteenth,1
newsmongers,1
framers,1
placards,1
attract,1
venerable,1
suffolke,1
essex,1
rained,1
wheat,1
space,1
miles,1
lamentable,1
monmouthshire,1
containinge,1
wonderfull,1
fearfull,1
overflowing,1
waters,1
countrye,1
intervals,1
germanie,1
britannicus,1
novelty,1
food,1
merriment,1
ben,1
jonson,1
consult,1
jonson's,1
items,1
vividly,1
scope,1
evanescent,1
supervision,1
interrupted,1
star,1
abolished,1
generic,1
anlicus,1
pragmaticus,1
politicus,1
animosities,1
interfered,1
curtail,1
ordinance,1
lords,1
prohibiting,1
selling,1
uttering,1
causing,1
sheets,1
printer,1
affixed,1
renewed,1
unlicensed,1
periodicals,1
repressive,1
measures,1
grapple,1
monopolising,1
l'estrange,1
patent,1
assigning,1
privilege,1
narratives,1
intelligencers,1
diurnals,1
l'estrange's,1
intelligencer,1
anticipation,1
obituary,1
proceedings,1
list,1
circuits,1
sheriffs,1
retired,1
plague,1
erring,1
plunged,1
feeble,1
pack,1
expired,1
bold,1
servility,1
prohibit,1
forbid,1
punished,1
stifled,1
exclusive,1
managed,1
prolong,1
unsuccessful,1
wiser,1
falsehood,1
scurrility,1
unfettered,1
defy,1
lapse,1
signal,1
outburst,1
journalistic,1
reappear,1
comers,1
courant,1
combatants,1
redoubtable,1
daniel,1
review,1
imprisoned,1
pillory,1
tutchin,1
observator,1
ridpath,1
satisfied,1
understood,1
harass,1
invaluable,1
auspices,1
quidnunc,1
aliment,1
discussion,1
loungers,1
doubts,1
oracle,1
subtle,1
queries,1
originated,1
middleman,1
advertiser,1
announcements,1
frankness,1
refreshing,1
husbandry,1
counter,1
pound,1
porter,1
lusty,1
comely,1
inches,1
wear,1
livery,1
flute,1
genteel,1
footman,1
inventive,1
adapt,1
ebullient,1
sacrificing,1
succeeding,1
serving,1
cavalry,1
commanding,1
officer,1
cutts,1
disagreement,1
fertility,1
uncultivated,1
watching,1
eccentricities,1
restraint,1
vaguely,1
indebted,1
everyday,1
occurrences,1
catching,1
predictions,1
partridge,1
partridge's,1
pretenders,1
abuses,1
unprofitable,1
busy,1
gratify,1
expose,1
disguises,1
cunning,1
penny,1
gratis,1
advertisement,1
chocolate,1
haunts,1
infamous,1
notoriety,1
ruinous,1
russell,1
devereux,1
strand,1
rendezvous,1
tolerable,1
recital,1
repute,1
latest,1
blank,1
assisted,1
pacolet,1
secrets,1
distaff,1
deputed,1
wizard's,1
kidney,1
waiter,1
mottoes,1
quidquid,1
agunt,1
homines,1
nostri,1
farrago,1
libelli,1
function,1
accumulated,1
constitute,1
appropriating,1
pliny,1
nemo,1
apud,1
idem,1
tentaverit,1
equidem,1
sentio,1
peculiarem,1
studiis,1
causam,1
corum,1
esse,1
difficultatibus,1
victis,1
utilitatem,1
juvandi,1
protulerunt,1
grati,1
placendi,1
res,1
ardua,1
vetustis,1
novitatem,1
dare,1
novis,1
auctoritatem,1
obsoletis,1
nitorem,1
fastidiis,1
gratiam,1
dubiis,1
fidem,1
omnibus,1
vero,1
naturam,1
natur,1
su,1
omnia,1
itaque,1
assecutis,1
voluisse,1
abunde,1
pulchrum,1
atque,1
magnificum,1
risk,1
incurring,1
inconsistency,1
unfitness,1
humility,1
vicious,1
attacking,1
vices,1
efficacy,1
flagrant,1
bettered,1
indecency,1
ventured,1
professed,1
antagonists,1
damaging,1
unexpected,1
churchman,1
nonjuror,1
outlawed,1
legitimism,1
astounding,1
thunder,1
cumbrous,1
correcting,1
recasting,1
pandered,1
killigrew,1
profaned,1
gift,1
poesy,1
prostitute,1
debased,1
impious,1
lubrique,1
adulterous,1
fat,1
pollutions,1
streaming,1
ordure,1
submission,1
taxed,1
pleaded,1
argued,1
obscenity,1
retract,1
repentance,1
boldly,1
suppressing,1
prosecuted,1
calculations,1
prompt,1
movement,1
chamberlain,1
prophaneness,1
revels,1
prophane,1
omitted,1
signifie,1
presume,1
peril,1
eleventh,1
realise,1
thirteen,1
elapsed,1
uncompromising,1
kindred,1
healthy,1
twofold,1
bridge,1
chasm,1
irreligious,1
licentiousness,1
puritanical,1
approve,1
assuming,1
pitied,1
reclaimed,1
appetites,1
youth,1
curb,1
hurries,1
unlawful,1
rescue,1
impulsiveness,1
failings,1
persuasive,1
rush,1
exhibition,1
magnanimity,1
raises,1
raphael's,1
cartoons,1
unnion,1
valentine,1
occasioned,1
duel,1
morrow,1
attractive,1
camp,1
concludes,1
heap,1
cadet,1
monk,1
regiment,1
joys,1
sorrows,1
quickens,1
abates,1
anguish,1
deaths,1
lettice,1
butcher,1
row,1
pronounce,1
epistolary,1
relating,1
postscript,1
pegg,1
hartwell,1
excellences,1
offending,1
unpolished,1
holidays,1
parsonage,1
postmaster,1
merton,1
condescension,1
unbent,1
publicly,1
remark,1
appellation,1
dux,1
trojanus,1
dido,1
cave,1
epithet,1
pius,1
pater,1
offences,1
approaching,1
seriousness,1
unworthy,1
battles,1
skirmishes,1
lain,1
assault,1
besiegers,1
trenches,1
weeks,1
generals,1
victories,1
captains,1
boyer,1
intrepidity,1
inexpressible,1
marius,1
havoc,1
repair,1
shifts,1
lighting,1
comet,1
moscow,1
earthquake,1
prodigies,1
dyer,1
foxhunters,1
whales,1
porpusses,1
sturgeon,1
distinguish,1
isaac's,1
hundredth,1
shere,1
henceforward,1
disappear,1
preponderates,1
quotes,1
grudge,1
intrinsically,1
improbable,1
proprietor,1
dispensed,1
quickness,1
accommodated,1
nameless,1
fared,1
distressed,1
neighbour,1
undone,1
auxiliary,1
dependence,1
unduly,1
depreciates,1
disparity,1
quantity,1
workmanship,1
initiated,1
department,1
players,1
disdain,1
encouraging,1
causes,1
afflicted,1
excel,1
fierce,1
sharpers,1
major,1
davenport,1
brigadier,1
bisset,1
dressed,1
outrageous,1
audacity,1
vehemence,1
swore,1
'in,1
'you,1
easier,1
purse,1
instantly,1
throats,1
unreproved,1
dangerously,1
studied,1
correspondents,1
feature,1
roughly,1
distinctly,1
drafted,1
relation,1
frescoes,1
masaccio,1
raphael,1
priority,1
preach,1
abandoning,1
disinclination,1
listen,1
circulation,1
successive,1
rewarded,1
enjoyment,1
incumbent,1
tempted,1
partialities,1
censorship,1
conductors,1
quidnuncs,1
unfurnished,1
stirring,1
gathering,1
needy,1
sets,1
mercy,1
imbibed,1
earnestly,1
entreat,1
stir,1
chambers,1
instil,1
ensuing,1
imaginary,1
foibles,1
comment,1
delivers,1
reminiscences,1
enterprising,1
headed,1
theology,1
criticizing,1
arrangement,1
james's,1
prototype,1
conducts,1
fallow,1
sprouts,1
assiduous,1
culture,1
undertaken,1
precepts,1
adjusted,1
unsettled,1
codified,1
galateo,1
chesterfield,1
behave,1
re's,1
urbanity,1
earnestness,1
reformer,1
satirise,1
observer,1
pedestal,1
playthings,1
luxuries,1
decent,1
destitute,1
softening,1
refining,1
moderating,1
amusements,1
toilet,1
adjustment,1
hair,1
sorting,1
ribands,1
reckoned,1
excursion,1
mercer's,1
toy,1
unfit,1
occupations,1
sewing,1
embroidery,1
drudgery,1
preparations,1
jellies,1
sweetmeats,1
multitudes,1
join,1
beholders,1
improving,1
divert,1
infancy,1
meddle,1
elsewhere,1
ninety,1
signing,1
leonora,1
equipage,1
breakfast,1
hour,1
kettle,1
boiled,1
peruse,1
smoke,1
forbear,1
whiff,1
surprises,1
pictures,1
pulling,1
isinglass,1
senator,1
nun,1
beau,1
blackamoor,1
conjuror,1
drawing,1
laying,1
outlying,1
expostulate,1
remotest,1
boroughs,1
philo,1
spec,1
wishers,1
tully's,1
withdraws,1
dissolution,1
diversified,1
commentary,1
safely,1
retains,1
unique,1
grouping,1
conjectured,1
localities,1
islington,1
relatively,1
computes,1
fleetwood,1
llandaff,1
burnet,1
fourteen,1
separate,1
octavo,1
timed,1
projected,1
dangers,1
predecessor,1
entanglements,1
hampered,1
disapproved,1
peculiarity,1
governments,1
european,1
celebrity,1
appropriated,1
criticising,1
commendations,1
persevered,1
mood,1
sincerely,1
theatrical,1
disoblige,1
reads,1
ninth,1
disqualified,1
comprehending,1
excels,1
greece,1
intricacy,1
drift,1
relates,1
compared,1
mythology,1
schylus,1
sophocles,1
macbeth,1
agamemnon,1
oedipus,1
tyrannus,1
impotence,1
punishment,1
undeserved,1
shakesperian,1
disappears,1
orrery,1
deliverance,1
effeminate,1
wittily,1
fortieth,1
discriminate,1
bestows,1
emperor,1
aurengzebe,1
tyrannic,1
vengeance,1
queens,1
theodosius,1
numberless,1
exhibiting,1
turgid,1
declamation,1
rhymed,1
remedy,1
racine,1
extravagances,1
coteries,1
adopting,1
classicists,1
arose,1
revival,1
unities,1
proprieties,1
summed,1
antidote,1
superficially,1
passionless,1
combated,1
defeat,1
absent,1
retribution,1
stoics,1
shuns,1
hero's,1
virgin's,1
woe,1
patriots,1
shed,1
bids,1
breasts,1
godlike,1
displays,1
heav'n,1
surveys,1
brave,1
storms,1
abstraction,1
skilfully,1
delivery,1
numidia,1
marcus,1
marcia,1
lifeless,1
leaves,1
attains,1
'excites,1
assuages,1
'no,1
magical,1
doing,1
heedless,1
attracts,1
vehicles,1
essentially,1
contrives,1
train,1
manages,1
adherence,1
debating,1
fighting,1
governor's,1
utica,1
incongruities,1
pervade,1
lovers,1
blundering,1
conspirator,1
sustain,1
pragmatic,1
futile,1
unite,1
stoical,1
fortitude,1
fraternal,1
flung,1
removal,1
barren,1
deficiencies,1
counterbalanced,1
investing,1
settlement,1
bribes,1
commander,1
drawers,1
unfinished,1
promising,1
unwillingly,1
siege,1
damascus,1
quickly,1
fears,1
anxieties,1
drab,1
'what's,1
fixt,1
gaze,1
pants,1
breath,1
stiffens,1
wrath,1
robs,1
modifications,1
unchanged,1
eagerness,1
excitement,1
entrance,1
noon,1
crowds,1
triumphed,1
execrable,1
trumbull,1
ours,1
'envy,1
claps,1
echoed,1
sweated,1
clapped,1
applauses,1
booth,1
defending,1
dictator,1
unwilling,1
distanced,1
speedily,1
getting,1
dies,1
partook,1
partake,1
fulfil,1
intentions,1
unprecedented,1
handed,1
night's,1
decorations,1
masterpiece,1
pompey,1
corneille,1
fustian,1
l'a,1
tent,1
c',1
po,1
te,1
des,1
ges,1
mais,1
il,1
trop,1
concert,1
dans,1
caton,1
vant,1
les,1
deux,1
filles,1
en,1
rit,1
sont,1
d'insipides,1
personages,1
imitez,1
seulement,1
ce,1
qu'il,1
bon,1
voices,1
detraction,1
graduate,1
entitled,1
physician,1
sanguine,1
owned,1
overborne,1
fasten,1
detected,1
observance,1
unanswerable,1
discrimination,1
betrayed,1
adequately,1
ramilies,1
critic's,1
expended,1
violation,1
voltaire's,1
mortals,1
occurs,1
there's,1
african,1
traverses,1
numidian,1
quest,1
prey,1
bow,1
practises,1
boasted,1
meals,1
slakes,1
thirst,1
toils,1
bank,1
morn,1
pursues,1
wonted,1
chance,1
repast,1
untasted,1
blesses,1
sempronius',1
horrors,1
conspirator's,1
haste,1
moments,1
plots,1
interval,1
hangs,1
concluding,1
determines,1
julius,1
cassius,1
whet,1
slept,1
motion,1
interim,1
phantasma,1
hideous,1
instruments,1
insurrection,1
figurative,1
obscured,1
sounding,1
clothed,1
faulty,1
metaphoric,1
simpler,1
wedded,1
marred,1
disagreements,1
unlucky,1
incur,1
enmity,1
poignant,1
vindictive,1
satiric,1
investigate,1
dissected,1
acuteness,1
blackstone,1
biographia,1
britannica,1
considerations,1
conversations,1
grossly,1
scandals,1
unacquainted,1
dirty,1
subjoined,1
latter's,1
genuineness,1
discovery,1
ingeniously,1
indisputable,1
attaches,1
instigation,1
welcome,1
preceded,1
misapprehension,1
hastened,1
button,1
carey,1
coterie,1
pervaded,1
condescending,1
mended,1
unbounded,1
natures,1
touching,1
undeveloped,1
resent,1
fluency,1
touchy,1
outshone,1
candidate,1
carefully,1
warburton,1
dissuade,1
tested,1
unfavourable,1
commending,1
philips',1
depreciating,1
escaping,1
develop,1
bitter,1
concocted,1
alterations,1
opens,1
joyed,1
wet,1
yours,1
displeasing,1
owls,1
animals,1
lustre,1
revenged,1
bats,1
beastly,1
shining,1
esteeming,1
congratulate,1
calumny,1
uncensured,1
squib,1
frenzy,1
disapproves,1
dennis',1
objections,1
divined,1
wording,1
studiously,1
professedly,1
rankled,1
bitterly,1
enraged,1
widen,1
spreading,1
accusations,1
jervas,1
propensity,1
testify,1
suspect,1
civility,1
maligning,1
envying,1
another's,1
shallow,1
depths,1
witted,1
misinformed,1
lessen,1
proud,1
intensified,1
injurious,1
supremacy,1
sensitiveness,1
recognition,1
abnormal,1
irritability,1
prone,1
forgive,1
slights,1
deemed,1
smothered,1
imagined,1
arranged,1
assisting,1
omits,1
gratifying,1
malevolences,1
sensible,1
double,1
doctor,1
inconceivable,1
intimately,1
knowing,1
detection,1
frauds,1
blacken,1
accurately,1
collusion,1
afford,1
bitterness,1
retaliation,1
asserted,1
proving,1
secondly,1
rival's,1
breaks,1
professes,1
reckoning,1
conclusive,1
mother's,1
fits,1
warwick's,1
hired,1
transaction,1
rails,1
pet,1
debt,1
meagre,1
conspire,1
talent,1
turk,1
damn,1
assent,1
leer,1
sneering,1
sneer,1
timorous,1
foe,1
fearing,1
e'en,1
flatterers,1
besieged,1
obliging,1
ne'er,1
afraid,1
strike,1
contest,1
likes,1
sits,1
attentive,1
laugh,1
weep,1
corroborative,1
grievance,1
inference,1
unfortunate,1
systematic,1
falsehoods,1
fabulous,1
assertion,1
myths,1
untrue,1
malicious,1
weaknesses,1
independent,1
piercing,1
fabric,1
enchant,1
determining,1
signature,1
utrecht,1
demerits,1
embodied,1
compact,1
salient,1
incompetence,1
negotiators,1
reiterated,1
debates,1
conviction,1
tariff,1
lawsuit,1
goodman,1
magistrates,1
requested,1
waive,1
fortifications,1
meanwhile,1
involving,1
impetuosity,1
abstinence,1
nonpolitical,1
restrain,1
dropping,1
views,1
irritated,1
majority,1
hanmer,1
commerce,1
complaint,1
debate,1
reappeared,1
aloof,1
occupying,1
attitude,1
bringing,1
interview,1
useless,1
converting,1
schemes,1
variance,1
veteran,1
intriguer,1
combining,1
exiled,1
stuarts,1
deprive,1
treasurer's,1
prostrated,1
unconsciousness,1
administer,1
provisionally,1
announce,1
embarrassed,1
clerk,1
unfamiliar,1
credible,1
peculiarities,1
shrewsbury,1
earl's,1
lieutenancy,1
previously,1
lordship's,1
commissions,1
strictest,1
probity,1
dealings,1
extant,1
authenticity,1
guaranteed,1
unsatisfactory,1
testimony,1
curll,1
minded,1
applicant,1
compose,1
doubting,1
patentee,1
deceived,1
confirmatory,1
theobald,1
vellum,1
steward,1
fletcher's,1
assert,1
paternity,1
standing,1
author's,1
amends,1
brilliancy,1
tameness,1
suited,1
pretender,1
precarious,1
surface,1
momentarily,1
stunned,1
hostile,1
pulpit,1
weight,1
urgently,1
vacate,1
hot,1
modestly,1
alluding,1
persuasiveness,1
thoroughgoing,1
churchmen,1
introduces,1
varying,1
claimed,1
dispensing,1
security,1
alien,1
exclude,1
voter,1
shire,1
patriot,1
jobber,1
denomination,1
dignities,1
grafted,1
blossoms,1
impart,1
liveliness,1
diversifies,1
glances,1
lets,1
memoirs,1
preston,1
rebel,1
foxhunter,1
monday,1
discontinuing,1
resume,1
ramble,1
'these,1
inculcated,1
tautology,1
one's,1
commissioners,1
colonies,1
myddleton,1
chirk,1
castle,1
denbighshire,1
attachment,1
indifference,1
diffidence,1
episode,1
coverley's,1
cruel,1
condescended,1
relent,1
congratulates,1
marrying,1
innuendo,1
forthcoming,1
montagu,1
constantinople,1
prudence,1
eligible,1
asthmatic,1
unhappily,1
sharp,1
henpecked,1
invited,1
patrick's,1
discomfort,1
ordain,1
executrix,1
appoint,1
child,1
vague,1
rumours,1
unhappiness,1
unsubstantial,1
propagated,1
cabinet,1
worsted,1
prime,1
secretaries,1
confession,1
dwindles,1
administration,1
defended,1
inaptitude,1
lostwithiel,1
malmesbury,1
cheers,1
greeted,1
resuming,1
lips,1
incapacity,1
despatches,1
lack,1
efficiency,1
warrant,1
inability,1
dismission,1
pounds,1
petition,1
failing,1
congratulatory,1
vincent,1
bourne,1
recovery,1
seizures,1
illness,1
cheerful,1
alacrity,1
meditated,1
exigencies,1
peerage,1
divest,1
prerogative,1
peers,1
acrimony,1
contemptuous,1
nd,1
endearment,1
acrimonious,1
'bellum,1
plusquam,1
civile,1
lucan,1
advocates,1
uncertainties,1
instability,1
taunting,1
opponent,1
tardiness,1
dropsy,1
supervened,1
contrition,1
remorse,1
torn,1
affectionate,1
vexing,1
yield,1
impulsive,1
hampton,1
instructing,1
lawyer,1
recover,1
repay,1
furniture,1
lethargy,1
victor,1
actor,1
diminution,1
revulsion,1
shortened,1
scandal,1
originate,1
sittings,1
injuring,1
phlegmatic,1
conversational,1
activity,1
drink,1
excess,1
berkeley,1
flasks,1
burgundy,1
champagne,1
questionable,1
represents,1
forgiveness,1
specify,1
trustworthy,1
jerusalem,1
buried,1
dismal,1
soul's,1
lamps,1
mansions,1
breathing,1
unheeded,1
rows,1
warriors,1
solemn,1
pealing,1
pausing,1
choir,1
lawn,1
robed,1
prelate,1
speechless,1
departed,1
adieu,1
sleep,1
unmarried,1
scanty,1
personality,1
embodies,1
crowd,1
mediocrities,1
building,1
solidity,1
absorb,1
owe,1
hast,1
buffets,1
ta'en,1
blessed,1
finger,1
fittingly,1
patient,1
serenity,1
independence,1
hardships,1
weapon,1
disorder,1
reconciler,1
subversion,1
harshly,1
respective,1
victorious,1
intolerant,1
despotism,1
groaning,1
yoke,1
monarch,1
worship,1
impiety,1
truceless,1
proscribing,1
godless,1
malignants,1
tainted,1
cant,1
roundheads,1
moralise,1
recalling,1
stripling,1
inquire,1
answering,1
inquired,1
prick,1
eared,1
hanged,1
'upon,1
occupy,1
prayer,1
temporal,1
super,1
solemnity,1
trading,1
ago,1
throw,1
abstain,1
carnal,1
sorrowful,1
eaten,1
gloom,1
nature's,1
thanksgiving,1
gladness,1
produces,1
sanctifies,1
consecrates,1
wood,1
gleams,1
brighten,1
inviolable,1
bliss,1
puritanic,1
imitators,1
manifestations,1
abominable,1
bowed,1
rebuke,1
penitent,1
rallies,1
stretched,1
waged,1
banisht,1
lewdness,1
seeds,1
thrives,1
debauched,1
reflected,1
inverted,1
unacceptable,1
drunken,1
brute,1
tradesman,1
congreve's,1
fondlewife,1
seduced,1
disciples,1
creations,1
clown,1
improves,1
affords,1
exposes,1
cuckoldom,1
meets,1
knights,1
baronets,1
quorum,1
dogget,1
unhappy,1
eating,1
parasite,1
vainglorious,1
compiling,1
ethics,1
circumstance,1
maxims,1
bestow,1
momentary,1
penetrating,1
inquiring,1
doctors',1
licenses,1
fellows,1
commence,1
bonds,1
matrimony,1
restraining,1
reflective,1
unavailing,1
supporter,1
mildness,1
whichever,1
nominally,1
canning,1
maintain,1
defenders,1
counterpoise,1
preponderant,1
repudiated,1
stimulus,1
outbreak,1
stupid,1
ferocious,1
theoretical,1
tolerated,1
inseparable,1
imperfection,1
parent,1
deception,1
intemperate,1
persecution,1
calamities,1
identical,1
bereft,1
officious,1
tool,1
idiot,1
trump,1
emergency,1
guard,1
artifice,1
befall,1
rends,1
pernicious,1
evils,1
understandings,1
sinks,1
destroys,1
suggestive,1
adoration,1
degenerated,1
sacharissa,1
cleveland,1
remainder,1
drudges,1
helpmate,1
unstudied,1
imitated,1
woman's,1
visitants,1
commissioned,1
relieve,1
stead,1
ribaldry,1
inconsiderable,1
cements,1
amongst,1
contrast,1
recurring,1
unaffected,1
derangement,1
masculine,1
belong,1
prompts,1
girls,1
republic,1
cudgels,1
pate,1
teeth,1
knocked,1
horse,1
shoot,1
dart,1
sling,1
listed,1
exercises,1
lap,1
ombre,1
piquet,1
pitch,1
bar,1
afternoon,1
blush,1
sigh,1
amazon,1
peculiarly,1
delighted,1
caprice,1
powder,1
exquisiteness,1
lady's,1
dressing,1
climates,1
muff,1
earth,1
scarf,1
torrid,1
zone,1
tippet,1
beneath,1
pole,1
brocade,1
mines,1
peru,1
diamond,1
necklace,1
bowels,1
indostan,1
crowning,1
credited,1
demonstration,1
artfulness,1
tenth,1
'twere,1
recognise,1
lapses,1
embodiment,1
artizan,1
meddling,1
versed,1
discern,1
economy,1
standers,1
blots,1
espoused,1
hostilities,1
looker,1
inanimate,1
associates,1
sketched,1
background,1
baronet,1
pencil,1
retouched,1
misleading,1
implies,1
explained,1
phantom,1
spanish,1
lend,1
approached,1
misconceive,1
discriminated,1
violated,1
innocently,1
picking,1
girl,1
drew,1
appease,1
forbearing,1
delineation,1
warped,1
perversion,1
beaten,1
solitary,1
generates,1
variable,1
vapours,1
incipient,1
madness,1
eclipsing,1
requires,1
nicety,1
deterred,1
singularities,1
imperfections,1
tinged,1
renders,1
predetermined,1
designers,1
consist,1
soho,1
square,1
outlived,1
mirthful,1
beloved,1
caught,1
approaches,1
incongruous,1
nourished,1
beliefs,1
invests,1
constitutes,1
witchcraft,1
tombs,1
animation,1
pathetic,1
discarded,1
co,1
operating,1
disregards,1
hunt,1
beards,1
hearing,1
dundrum,1
confirm,1
supposition,1
beforehand,1
trait,1
judged,1
undervalued,1
explains,1
deciding,1
debatable,1
region,1
adds,1
patronisingly,1
creditable,1
bouhours,1
disparagement,1
pedantic,1
intolerance,1
narrowness,1
keener,1
regarding,1
mistaking,1
exception,1
racy,1
cowley's,1
conceit,1
depraved,1
popularised,1
discriminating,1
define,1
perusal,1
appreciating,1
deeply,1
greatness,1
banish,1
tumid,1
ballads,1
hopeless,1
wise,1
overlook,1
despised,1
circulates,1
rarely,1
professing,1
infuse,1
unsuspected,1
conveyance,1
wealthy,1
alluring,1
awakened,1
comprehension,1
expanded,1
purified,1
lineament,1
invincibly,1
acquiescence,1
manifests,1
seemingly,1
premises,1
counsellors,1
securest,1
inhabited,1
starving,1
properties,1
perfectly,1
oblique,1
extenso,1
nicolini's,1
gentry,1
galleries,1
regions,1
politicians,1
whisper,1
cousin,1
tiger,1
session,1
conjectures,1
subdue,1
recitativo,1
orpheus,1
beasts,1
knock,1
fancied,1
pretend,1
virgin,1
roar,1
thorough,1
bass,1
counterfeit,1
discoveries,1
walking,1
accidentally,1
jostled,1
enormous,1
animal,1
startled,1
rampant,1
surprised,1
thanked,1
kindly,1
leap,1
candle,1
snuffer,1
testy,1
overdid,1
surly,1
scuffle,1
verily,1
reared,1
hinder,1
walked,1
erect,1
peaceable,1
sheepish,1
insomuch,1
touch,1
grappling,1
trips,1
rip,1
flesh,1
doublet,1
omit,1
handsomely,1
excuse,1
indulges,1
gaming,1
ass,1
outdoes,1
namely,1
sitting,1
peaceably,1
smoking,1
insinuate,1
sham,1
couple,1
tearing,1
interpret,1
literal,1
mornings,1
puppet,1
attested,1
patches,1
dramatical,1
chairs,1
flowerpots,1
promiscuous,1
verge,1
improbabilities,1
remote,1
hints,1
ridiculing,1
keenly,1
malignity,1
conversion,1
launched,1
chanced,1
christmas,1
eat,1
plentifully,1
plum,1
porridge,1
blended,1
seeming,1
swinging,1
polypheme,1
glass,1
ironic,1
finishing,1
gallant,1
scoffing,1
wedlock,1
marry,1
announces,1
becomes,1
hater,1
matched,1
tribe,1
fluttering,1
coxcombs,1
shot,1
ruelle,1
tenable,1
stiffness,1
limbs,1
destroyed,1
jauntiness,1
vacancy,1
dapperwit,1
suitable,1
station,1
prudent,1
alluded,1
caprices,1
attire,1
moulting,1
quantities,1
ribbon,1
lace,1
cambric,1
globular,1
antiquated,1
commodes,1
projectors,1
petticoats,1
kitchen,1
proverb,1
hobbes,1
raleigh,1
clarendon,1
histories,1
taylor,1
barrow,1
tillotson,1
stamped,1
hearers,1
sublimity,1
heights,1
idioms,1
borne,1
raciness,1
unequalled,1
deference,1
moreover,1
disfigures,1
antitheses,1
construct,1
prevents,1
inversions,1
protract,1
insertion,1
clauses,1
projicit,1
ampullas,1
sesquipedalia,1
verba,1
saxon,1
eliminated,1
assumes,1
blends,1
elbow,1
putting,1
alter,1
preposition,1
conjunction,1
corroborated,1
dykes,1
nice,1
crying,1
bald,1
fancifull,1
furnishing,1
substituting,1
emphasised,1
changing,1
elaboration,1
disappearance,1
egotism,1
moralising,1
censoriousness,1
preacher,1
vanishes,1
humourists,1
convey,1
lessons,1
confesses,1
tones,1
dictatorial,1
ponderous,1
sententiousness,1
antithesis,1
rambler,1
rhythmical,1
preaching,1
turbulent,1
mohocks,1
tityre,1
tus,1
brotherhoods,1
orderly,1
primitive,1
distance,1
loneliness,1
purses,1
necks,1
sentimentalist,1
nooks,1
corners,1
survivals,1
levelled,1
utilitarianism,1
amuse,1
grandmothers,1
belongs,1
bygone,1
lasts,1
owes,1
assign,1
coveted,1
footnotes,1
stephens,1
isle,1
fab,1
embryo,1
luxuriancy,1
diffusion,1
boughs,1
branches,1
trimmed,1
mathematical,1
orchard,1
flower,1
parterre,1
esq,1
kats,1
hawkins',1
burney's,1
drapier's,1
ascertained,1
egerton,1
mss,1
museum,1
fables,1
nichols',1
shepherd,1
pp,1
elwin,1
courthope's,1
memorial,1
eloisa,1
abelard,1
courtesy,1
txt,1
zip,1
updated,1
replace,1
renamed,1
apply,1
specific,1
performances,1
abide,1
cease,1
lot,1
compilation,1
sharing,1
govern,1
downloading,1
accessed,1
charges,1
linked,1
unlink,1
detach,1
redistribute,1
binary,1
compressed,1
nonproprietary,1
proprietary,1
processing,1
hypertext,1
exporting,1
request,1
alternate,1
include,1
viewing,1
pay,1
calculate,1
taxes,1
legally,1
periodic,1
returns,1
notifies,1
require,1
group,1
identify,1
transcribe,1
proofread,1
despite,1
stored,1
incomplete,1
inaccurate,1
data,1
transcription,1
infringement,1
damaged,1
disk,1
virus,1
disclaim,1
remedies,1
contract,1
distributor,1
liable,1
consequential,1
punitive,1
possibility,1
elect,1
fix,1
problem,1
is',1
merchantability,1
fitness,1
disclaimers,1
violates,1
interpreted,1
maximum,1
invalidity,1
unenforceability,1
provision,1
void,1
remaining,1
provisions,1
indemnity,1
indemnify,1
agent,1
employee,1
promotion,1
modification,1
additions,1
deletions,1
synonymous,1
aged,1
exists,1
hundreds,1
financial,1
reaching,1
tm's,1
goals,1
ensuring,1
remain,1
educational,1
corporation,1
organized,1
mississippi,1
revenue,1
ein,1
identification,1
deductible,1
state's,1
melan,1
fairbanks,1
ak,1
salt,1
lake,1
ut,1
gregory,1
newby,1
executive,1
director,1
gbnewby,1
org,1
depends,1
machine,1
array,1
outdated,1
irs,1
regulating,1
charities,1
charitable,1
uniform,1
paperwork,1
send,1
determine,1
solicitation,1
accepting,1
unsolicited,1
donors,1
international,1
gratefully,1
swamp,1
donation,1
checks,1
card,1
professor,1
originator,1
library,1
loose,1
network,1
volunteer,1
pg,1
search,1
facility,1
includes,1
newsletter,1
